id;dataset_id;decimallongitude;decimallatitude;date_start;date_mid;date_end;date_year;scientificname;originalscientificname;minimumdepthinmeters;maximumdepthinmeters;coordinateuncertaintyinmeters;flags;dropped;absence;shoredistance;bathymetry;sst;sss;marine;brackish;freshwater;terrestrial;taxonrank;aphiaid;redlist_category;superdomain;domain;kingdom;subkingdom;infrakingdom;phylum;phylum_division;subphylum_subdivision;subphylum;infraphylum;parvphylum;gigaclass;megaclass;superclass;class;subclass;infraclass;subterclass;superorder;order;suborder;infraorder;parvorder;superfamily;family;subfamily;supertribe;tribe;subtribe;genus;subgenus;section;subsection;series;species;subspecies;natio;variety;subvariety;forma;subforma;type;modified;language;license;rightsholder;accessrights;bibliographiccitation;references;institutionid;collectionid;datasetid;institutioncode;collectioncode;datasetname;ownerinstitutioncode;basisofrecord;informationwithheld;datageneralizations;dynamicproperties;materialsampleid;occurrenceid;catalognumber;occurrenceremarks;recordnumber;recordedby;recordedbyid;individualcount;organismquantity;organismquantitytype;sex;lifestage;reproductivecondition;behavior;establishmentmeans;occurrencestatus;preparations;disposition;othercatalognumbers;associatedmedia;associatedreferences;associatedsequences;associatedtaxa;organismid;organismname;organismscope;associatedoccurrences;associatedorganisms;previousidentifications;organismremarks;eventid;parenteventid;samplingprotocol;samplesizevalue;samplesizeunit;samplingeffort;eventdate;eventtime;startdayofyear;enddayofyear;year;month;day;verbatimeventdate;habitat;fieldnumber;fieldnotes;eventremarks;locationid;highergeographyid;highergeography;continent;waterbody;islandgroup;island;country;countrycode;stateprovince;county;municipality;locality;verbatimlocality;verbatimelevation;minimumelevationinmeters;maximumelevationinmeters;verbatimdepth;minimumdistanceabovesurfaceinmeters;maximumdistanceabovesurfaceinmeters;locationaccordingto;locationremarks;verbatimcoordinates;verbatimlatitude;verbatimlongitude;verbatimcoordinatesystem;verbatimsrs;geodeticdatum;coordinateprecision;pointradiusspatialfit;footprintwkt;footprintsrs;footprintspatialfit;georeferencedby;georeferenceddate;georeferenceprotocol;georeferencesources;georeferenceverificationstatus;georeferenceremarks;geologicalcontextid;earliesteonorlowesteonothem;latesteonorhighesteonothem;earliesteraorlowesterathem;latesteraorhighesterathem;earliestperiodorlowestsystem;latestperiodorhighestsystem;earliestepochorlowestseries;latestepochorhighestseries;earliestageorloweststage;latestageorhigheststage;lowestbiostratigraphiczone;highestbiostratigraphiczone;lithostratigraphicterms;group;formation;member;bed;identificationid;identifiedby;identifiedbyid;dateidentified;identificationreferences;identificationremarks;identificationqualifier;identificationverificationstatus;typestatus;taxonid;scientificnameid;acceptednameusageid;parentnameusageid;originalnameusageid;nameaccordingtoid;namepublishedinid;taxonconceptid;acceptednameusage;parentnameusage;originalnameusage;nameaccordingto;namepublishedin;namepublishedinyear;higherclassification;specificepithet;infraspecificepithet;verbatimtaxonrank;scientificnameauthorship;vernacularname;nomenclaturalcode;taxonomicstatus;nomenclaturalstatus;taxonremarks
c8ee40f8-d1aa-46b4-976d-3fe02f600705;c24bf1c2-2c62-4056-a841-56d94e6e876a;-61;10;73094400000;73094400000;73094400000;1972;Sphyrna tudes;Sphyrna tudes;;;;{no_depth};f;f;14380;42;27.97;32.96;1;0;0;0;Species;105818;CR;Biota;;Animalia;;;Chordata;;;Vertebrata;Gnathostomata;Chondrichthyes;;;;Elasmobranchii;Neoselachii;Selachii;;Galeomorphi;Carcharhiniformes;;;;;Sphyrnidae;;;;;Sphyrna;;;;;Sphyrna tudes;;;;;;;;;;;;;;;;;;ROM;Ichthyology;;;PreservedSpecimen;;;;;;58701;;;Wood, H. E.;;;;;;;;;;;;;;;;;;;;;;;;;;;;;;;1972-04-26T12:00:00Z;;;;1972;4;26;;;A-9;;;;;;;;;;Trinidad and Tobago;;Trinidad;;;Gulf of Paria;;;;;;;;;;;;;;;;;;;;;;;;;;;;;;;;;;;;;;;;;;;;;;Ramshaw, W.;;19/03/1990;;;;;;;urn:lsid:marinespecies.org:taxname:105818;;;;;;;;;;;;;;;;;;;;;;
a5f0143d-361a-4b29-a68f-97684648cd35;9b787218-7138-4ffa-8ba6-36d63d391f8c;-54.90000153;6.341666698;;;;;Sphyrna tudes;Sphyrna tudes;;;;{no_depth};f;f;38845;24;27.46;34.04;1;0;0;0;Species;105818;CR;Biota;;Animalia;;;Chordata;;;Vertebrata;Gnathostomata;Chondrichthyes;;;;Elasmobranchii;Neoselachii;Selachii;;Galeomorphi;Carcharhiniformes;;;;;Sphyrnidae;;;;;Sphyrna;;;;;Sphyrna tudes;;;;;;;;;;;;;;;;;;USNM;Occurrence;;;PreservedSpecimen;;;;;;USNM 00159227;;;;;;;;;;;;;;;;;;;;;;;;;;;;;;;;;;;;;;;;;;;;;;;;;;South America;;;Suriname;;;;;ATLANTIC OFF SURINAM;;;;;;;;;;;;;;;;;;;;;;;;;;;;;;;;;;;;;;;;;;;;;;;;;;;;;;;urn:lsid:marinespecies.org:taxname:105818;;;;;;;;;;;;;;;;;(Valenciennes, 1822);;;;;
4674efc4-064e-4d0d-ba85-df1b549e811f;9b787218-7138-4ffa-8ba6-36d63d391f8c;-16.85000038;14.14999962;;;;;Sphyrna tudes;Sphyrna tudes;;;;{no_depth};f;f;1377;2;24.45;34.2;1;0;0;0;Species;105818;CR;Biota;;Animalia;;;Chordata;;;Vertebrata;Gnathostomata;Chondrichthyes;;;;Elasmobranchii;Neoselachii;Selachii;;Galeomorphi;Carcharhiniformes;;;;;Sphyrnidae;;;;;Sphyrna;;;;;Sphyrna tudes;;;;;;;;;;;;;;;;;;MNHN;Occurrence;;;PreservedSpecimen;;;;;;MNHN AB-0234;1 piece (machoire)L.2,29m.44kg.renumerote:MNHN 1965-113;;cadenat;;;;;femelle;;;;;;crane machoires;;;;;;;;;;;;;;;;;;;;;;;;;;;;;ab284;;;;;;;Africa;;;Senegal;;;;;joal;;;;;;;;;;;;;;;;;;;;;;;;;;;;;;;;;;;;;;;;;;;;;;;;;;;;;;;urn:lsid:marinespecies.org:taxname:105818;;;;;;;;;;;;;;;;;(Valenciennes, 1822);;;;;
08020f78-2007-4254-8b8c-cae6cf448be7;36fbc01b-72bd-42f0-af0a-e1701cddcf94;-16.85;14.15;;;;;Sphyrna tudes;Sphyrna tudes;;;0;{no_depth};f;f;1377;1;24.45;34.2;1;0;0;0;Species;105818;CR;Biota;;Animalia;;;Chordata;;;Vertebrata;Gnathostomata;Chondrichthyes;;;;Elasmobranchii;Neoselachii;Selachii;;Galeomorphi;Carcharhiniformes;;;;;Sphyrnidae;;;;;Sphyrna;;;;;Sphyrna tudes;;;;;;;Collection;;;CC BY 4.0;MNHN;;;;;8;;MNHN;IC;;;PreservedSpecimen;;;;;FN2-56814034-8-MNHN;AB-0234;;FN2-56814034-8-MNHN;cadenat;;;;;;;;;;present;;;;;;;;;;;;;;;;;;;;;1956-05-00;;;;;;;;;;;;;;;;;;;senegal;;;;;joal;;;;;;;;;;;;;;;;;;;;;;;;;;;;;;;;;;;;;;;;;;;;;;;;;;;;;;;urn:lsid:marinespecies.org:taxname:105818;;;;;;;;;;;;;;;;;;;;;;
dab52cf6-c422-4515-aa14-24768329b209;36fbc01b-72bd-42f0-af0a-e1701cddcf94;-16.85;14.15;;;;;Sphyrna tudes;Sphyrna tudes;;;1;{no_depth};f;f;1377;1;24.45;34.2;1;0;0;0;Species;105818;CR;Biota;;Animalia;;;Chordata;;;Vertebrata;Gnathostomata;Chondrichthyes;;;;Elasmobranchii;Neoselachii;Selachii;;Galeomorphi;Carcharhiniformes;;;;;Sphyrnidae;;;;;Sphyrna;;;;;Sphyrna tudes;;;;;;;Collection;;;CC BY 4.0;MNHN;;;;;8;;MNHN;IC;;;PreservedSpecimen;;;;;FN2-56823194-8-MNHN;AB-0235;;FN2-56823194-8-MNHN;cadenat;;;;;;;;;;present;;;;;;;;;;;;;;;;;;;;;0000-00-00;;;;;;;;;;;;;;;;;;;senegal;;;;;joal;;;;;;;;;;;;;;;;;;;;;;;;;;;;;;;;;;;;;;;;;;;;;;;;;;;;;;;urn:lsid:marinespecies.org:taxname:105818;;;;;;;;;;;;;;;;;;;;;;
01beb0ce-2cae-4007-baf8-2aa87b64300a;36fbc01b-72bd-42f0-af0a-e1701cddcf94;37.5;-21;;;;;Sphyrna tudes;Sphyrna tudes;;;10;{no_depth};f;f;216205;2937;26.55;35.05;1;0;0;0;Species;105818;CR;Biota;;Animalia;;;Chordata;;;Vertebrata;Gnathostomata;Chondrichthyes;;;;Elasmobranchii;Neoselachii;Selachii;;Galeomorphi;Carcharhiniformes;;;;;Sphyrnidae;;;;;Sphyrna;;;;;Sphyrna tudes;;;;;;;Collection;;;CC BY 4.0;MNHN;;;;;8;;MNHN;IC;;;PreservedSpecimen;;;;;FN2-56829376-8-MNHN;1908-0069;;FN2-56829376-8-MNHN;vasse;;1;;;;;;;;present;;;;;;;;;;;;;;;;;;;;;1908-00-00;;;;;;;;;;;;;;;;;;;mozambique;;;;;;;;;;;;;;;;;;;;;;;;;;;;;;;;;;;;;;;;;;;;;;;;;;;;;;;;;;;;urn:lsid:marinespecies.org:taxname:105818;;;;;;;;;;;;;;;;;;;;;;
9deff912-cb47-437e-b92d-39ef6f24f683;36fbc01b-72bd-42f0-af0a-e1701cddcf94;-52.133;4.917;;;;;Sphyrna tudes;Sphyrna tudes;;;1;{no_depth};f;f;4462;7;27.8;24.62;1;0;0;0;Species;105818;CR;Biota;;Animalia;;;Chordata;;;Vertebrata;Gnathostomata;Chondrichthyes;;;;Elasmobranchii;Neoselachii;Selachii;;Galeomorphi;Carcharhiniformes;;;;;Sphyrnidae;;;;;Sphyrna;;;;;Sphyrna tudes;;;;;;;Collection;;;CC BY 4.0;MNHN;;;;;8;;MNHN;IC;;;PreservedSpecimen;;;;;FN2-56829890-8-MNHN;0000-1019;;FN2-56829890-8-MNHN;leblond;;1;;;;;;;;present;;;;;;;;;;;;;;;;;;;;;0000-00-00;;;;;;;;;;;;;;;;;;;guyane francaise;;;;;cayenne;;;;;;;;;;;;;;;;;;;;;;;;;;;;;;;;;;;;;;;;;;;;;;;;;;;;;;;urn:lsid:marinespecies.org:taxname:105818;;;;;;;;;;;;;;;;;;;;;;
a80fb94d-b0dd-41cc-8510-713c489bf2a9;b8617377-eb1c-4db2-baa6-8788a632e810;-61;10;73094400000;73094400000;73094400000;1972;Sphyrna tudes;Sphyrna tudes;;;;{no_depth};f;f;14380;42;27.97;32.96;1;0;0;0;Species;105818;CR;Biota;;Animalia;;;Chordata;;;Vertebrata;Gnathostomata;Chondrichthyes;;;;Elasmobranchii;Neoselachii;Selachii;;Galeomorphi;Carcharhiniformes;;;;;Sphyrnidae;;;;;Sphyrna;;;;;Sphyrna tudes;;;;;;;;;;;;;;;;;;ROM;Fishes;;;HumanObservation;;;observedindividualcount=1;;;;;;;;;;;;;;;;;;;;;;;;;;;;;;;;;;;;;;;;;;;;;;;;;;;;;;;;;;;;;;;;;;;;;;;;;;;;;;;;;;;;;;;;;;;;;;;;;;;;;;;;;;;;;;;;;;;;;;;;;;;;;;;;;;;;;;;;;;
b289f372-259b-4641-a129-ecc95a6716cd;d6d6fe4c-425f-4ce7-bf28-7a6befaeb413;-55.09999847;6.400000095;;;;;Sphyrna tudes;Sphyrna tudes;;26;;{};f;f;45612;26;27.43;34.42;1;0;0;0;Species;105818;CR;Biota;;Animalia;;;Chordata;;;Vertebrata;Gnathostomata;Chondrichthyes;;;;Elasmobranchii;Neoselachii;Selachii;;Galeomorphi;Carcharhiniformes;;;;;Sphyrnidae;;;;;Sphyrna;;;;;Sphyrna tudes;;;;;;;;;;;;;Department of Vertebrate Zoology, Research and Collections Information System, NMNH, Smithsonian Institution;;;;;USNM;Vertebrate Zoology;;;;;;;;;;;;;;;;;;;;;;;;;;;;;;;;;;;;;;;;;;;;;;;;;;;;;;;;;;;;;;;;;;;;;;;;;;;;;;;;;;;;;;;;;;;;;;;;;;;;;;;;;;;;;;;;;;;;;;;;;;;;;;;;;;;;;;;;;;;;;;;;
f5aa7485-9dbe-45be-8c55-1d1a0803f7b5;d6d6fe4c-425f-4ce7-bf28-7a6befaeb413;-88.09999847;29.89999962;-3.75E+11;-3.75E+11;-3.75E+11;1958;Sphyrna tudes;Sphyrna tudes;31;31;;{};f;f;32329;34;24.01;28.78;1;0;0;0;Species;105818;CR;Biota;;Animalia;;;Chordata;;;Vertebrata;Gnathostomata;Chondrichthyes;;;;Elasmobranchii;Neoselachii;Selachii;;Galeomorphi;Carcharhiniformes;;;;;Sphyrnidae;;;;;Sphyrna;;;;;Sphyrna tudes;;;;;;;;;;;;;Department of Vertebrate Zoology, Research and Collections Information System, NMNH, Smithsonian Institution;;;;;USNM;Vertebrate Zoology;;;;;;;;;;;;;;;;;;;;;;;;;;;;;;;;;;;;;;;;;;;;;;;;;;;;;;;;;;;;;;;;;;;;;;;;;;;;;;;;;;;;;;;;;;;;;;;;;;;;;;;;;;;;;;;;;;;;;;;;;;;;;;;;;;;;;;;;;;;;;;;;
829ceb35-d651-4508-a4a5-c2ce35d28f98;36fbc01b-72bd-42f0-af0a-e1701cddcf94;-60.616667;10.7;5.25E+11;5.25E+11;5.25E+11;1986;Sphyrna tudes;Sphyrna tudes;;;;{no_depth};f;f;34770;28;28.08;33.15;1;0;0;0;Species;105818;CR;Biota;;Animalia;;;Chordata;;;Vertebrata;Gnathostomata;Chondrichthyes;;;;Elasmobranchii;Neoselachii;Selachii;;Galeomorphi;Carcharhiniformes;;;;;Sphyrnidae;;;;;Sphyrna;;;;;Sphyrna tudes;;;;;;;Collection;;;CC BY 4.0;OS;;;;;77;;OS;Fishes;;;PreservedSpecimen;;;;;FN2-17644963-77-OS;11076;;FN2-17644963-77-OS;Cook, Sid;;;;;;;;;;present;;;;;;;;;;;;;;;;;;;;;23/08/1986;;;;;;;;;;;;;;;;;;;Republic of Trinidad and Tobago;;;;;Trinidad;;;;;;;;;;;;;;;;;;;;;;;;;;;;;;;;;;;;;;;;;;;;;;;;;;;;;;;urn:lsid:marinespecies.org:taxname:105818;;;;;;;;;;;;;;;;;;;;;;
ea8a6a51-9a88-4a09-ad22-2e9169ef40fd;36fbc01b-72bd-42f0-af0a-e1701cddcf94;-60.616667;10.7;5.25E+11;5.25E+11;5.25E+11;1986;Sphyrna tudes;Sphyrna tudes;;;;{no_depth};f;f;34770;28;28.08;33.15;1;0;0;0;Species;105818;CR;Biota;;Animalia;;;Chordata;;;Vertebrata;Gnathostomata;Chondrichthyes;;;;Elasmobranchii;Neoselachii;Selachii;;Galeomorphi;Carcharhiniformes;;;;;Sphyrnidae;;;;;Sphyrna;;;;;Sphyrna tudes;;;;;;;Collection;;;CC BY 4.0;OS;;;;;77;;OS;Fishes;;;PreservedSpecimen;;;;;FN2-17644965-77-OS;11079;;FN2-17644965-77-OS;Cook, Sid;;;;;;;;;;present;;;;;;;;;;;;;;;;;;;;;23/08/1986;;;;;;;;;;;;;;;;;;;Republic of Trinidad and Tobago;;;;;Trinidad;;;;;;;;;;;;;;;;;;;;;;;;;;;;;;;;;;;;;;;;;;;;;;;;;;;;;;;urn:lsid:marinespecies.org:taxname:105818;;;;;;;;;;;;;;;;;;;;;;
4bb0fc33-725b-4c3a-82b3-4cc09b37df0a;36fbc01b-72bd-42f0-af0a-e1701cddcf94;-52.31062;4.932294;2.51E+11;2.51E+11;2.51E+11;1977;Sphyrna tudes;Sphyrna tudes;;;;{no_depth,on_land};f;f;-1556;-17;27.75;24.95;1;0;0;0;Species;105818;CR;Biota;;Animalia;;;Chordata;;;Vertebrata;Gnathostomata;Chondrichthyes;;;;Elasmobranchii;Neoselachii;Selachii;;Galeomorphi;Carcharhiniformes;;;;;Sphyrnidae;;;;;Sphyrna;;;;;Sphyrna tudes;;;;;;;Collection;;;CC BY 4.0;UF;;;;;70;;UF;Fish;;;PreservedSpecimen;;;;;FN2-30364432-70-UF;32650;;FN2-30364432-70-UF;Berry, Frederick;;;;;;;;;;present;;;;;;;;;;;;;;;;;;;;;12/12/1977;;;;;;;;;;;;;;;;;;;French Guiana;;;;;Cayenne.;;;;;;;;;;;;;;;;;;;;;;;;;;;;;;;;;;;;;;;;;;;;;;;;;;;;;;;urn:lsid:marinespecies.org:taxname:105818;;;;;;;;;;;;;;;;;;;;;;
619221a5-e199-464c-87ec-e783a1fecc6d;36fbc01b-72bd-42f0-af0a-e1701cddcf94;-55.75;6.25;-60739200000;-60739200000;-60739200000;1968;Sphyrna tudes;Sphyrna tudes;;;;{no_depth};f;f;27836;26;27.44;34.76;1;0;0;0;Species;105818;CR;Biota;;Animalia;;;Chordata;;;Vertebrata;Gnathostomata;Chondrichthyes;;;;Elasmobranchii;Neoselachii;Selachii;;Galeomorphi;Carcharhiniformes;;;;;Sphyrnidae;;;;;Sphyrna;;;;;Sphyrna tudes;;;;;;;Collection;;;CC BY 4.0;UF;;;;;70;;UF;Fish;;;PreservedSpecimen;;;;;FN2-30374013-70-UF;42261;;FN2-30374013-70-UF;R/V Calamar;;;;;;;;;;present;;;;;;;;;;;;;;;;;;;;;29/01/1968;;;;;;;;;;;;;;;;;;;Suriname;;;;;Off Suriname;;;;;;;;;;;;;;;;;;;;;;;;;;;;;;;;;;;;;;;;;;;;;;;;;;;;;;;urn:lsid:marinespecies.org:taxname:105818;;;;;;;;;;;;;;;;;;;;;;
63fb778c-b6ae-46f5-87d4-93fe2b2f0e67;36fbc01b-72bd-42f0-af0a-e1701cddcf94;-54.75;6.25;-75427200000;-75427200000;-75427200000;1967;Sphyrna tudes;Sphyrna tudes;;;;{no_depth};f;f;29138;8;27.51;34.03;1;0;0;0;Species;105818;CR;Biota;;Animalia;;;Chordata;;;Vertebrata;Gnathostomata;Chondrichthyes;;;;Elasmobranchii;Neoselachii;Selachii;;Galeomorphi;Carcharhiniformes;;;;;Sphyrnidae;;;;;Sphyrna;;;;;Sphyrna tudes;;;;;;;Collection;;;CC BY 4.0;UF;;;;;70;;UF;Fish;;;PreservedSpecimen;;;;;FN2-30374014-70-UF;42262;;FN2-30374014-70-UF;R/V Calamar;;;;;;;;;;present;;;;;;;;;;;;;;;;;;;;;12/08/1967;;;;;;;;;;;;;;;;;;;Suriname;;;;;Off Surinam.;;;;;;;;;;;;;;;;;;;;;;;;;;;;;;;;;;;;;;;;;;;;;;;;;;;;;;;urn:lsid:marinespecies.org:taxname:105818;;;;;;;;;;;;;;;;;;;;;;
1db676dc-c8ad-473f-b926-de77253a9a0b;36fbc01b-72bd-42f0-af0a-e1701cddcf94;-60.998186;10.536913;4.80E+11;4.80E+11;4.80E+11;1985;Sphyrna tudes;Sphyrna tudes;;;;{no_depth};f;f;1757;11;27.97;32.98;1;0;0;0;Species;105818;CR;Biota;;Animalia;;;Chordata;;;Vertebrata;Gnathostomata;Chondrichthyes;;;;Elasmobranchii;Neoselachii;Selachii;;Galeomorphi;Carcharhiniformes;;;;;Sphyrnidae;;;;;Sphyrna;;;;;Sphyrna tudes;;;;;;;Collection;;;CC BY 4.0;UF;;;;;70;;UF;Fish;;;PreservedSpecimen;;;;;FN2-30374015-70-UF;42263;;FN2-30374015-70-UF;Gruber, S;;;;;;;;;;present;;;;;;;;;;;;;;;;;;;;;13/03/1985;;;;;;;;;;;;;;;;;;;Trinidad and Tobago;;;;;Ca 1 mi E of central-east coast, 1.5 mi NE of Manzanilla Point.;;;;;;;;;;;;;;;;;;;;;;;;;;;;;;;;;;;;;;;;;;;;;;;;;;;;;;;urn:lsid:marinespecies.org:taxname:105818;;;;;;;;;;;;;;;;;;;;;;
7a79511f-72b6-419e-98b1-5ac23dbb71ca;d6d6fe4c-425f-4ce7-bf28-7a6befaeb413;-55.09999847;6.400000095;;;;;Sphyrna tudes;Sphyrna tudes;24;24;;{};f;f;45612;26;27.43;34.42;1;0;0;0;Species;105818;CR;Biota;;Animalia;;;Chordata;;;Vertebrata;Gnathostomata;Chondrichthyes;;;;Elasmobranchii;Neoselachii;Selachii;;Galeomorphi;Carcharhiniformes;;;;;Sphyrnidae;;;;;Sphyrna;;;;;Sphyrna tudes;;;;;;;;;;;;;Department of Vertebrate Zoology, Research and Collections Information System, NMNH, Smithsonian Institution;;;;;USNM;Vertebrate Zoology;;;;;;;;;;;;;;;;;;;;;;;;;;;;;;;;;;;;;;;;;;;;;;;;;;;;;;;;;;;;;;;;;;;;;;;;;;;;;;;;;;;;;;;;;;;;;;;;;;;;;;;;;;;;;;;;;;;;;;;;;;;;;;;;;;;;;;;;;;;;;;;;
3689ab9e-08ab-46bd-b481-493b0051c2ba;d6d6fe4c-425f-4ce7-bf28-7a6befaeb413;-55.09999847;6.400000095;;;;;Sphyrna tudes;Sphyrna tudes;24;24;;{};f;f;45612;26;27.43;34.42;1;0;0;0;Species;105818;CR;Biota;;Animalia;;;Chordata;;;Vertebrata;Gnathostomata;Chondrichthyes;;;;Elasmobranchii;Neoselachii;Selachii;;Galeomorphi;Carcharhiniformes;;;;;Sphyrnidae;;;;;Sphyrna;;;;;Sphyrna tudes;;;;;;;;;;;;;Department of Vertebrate Zoology, Research and Collections Information System, NMNH, Smithsonian Institution;;;;;USNM;Vertebrate Zoology;;;;;;;;;;;;;;;;;;;;;;;;;;;;;;;;;;;;;;;;;;;;;;;;;;;;;;;;;;;;;;;;;;;;;;;;;;;;;;;;;;;;;;;;;;;;;;;;;;;;;;;;;;;;;;;;;;;;;;;;;;;;;;;;;;;;;;;;;;;;;;;;
080b3a2a-971a-49c1-a4cb-868e01c31ff0;d6d6fe4c-425f-4ce7-bf28-7a6befaeb413;-55.09999847;6.400000095;;;;;Sphyrna tudes;Sphyrna tudes;;26;;{};f;f;45612;26;27.43;34.42;1;0;0;0;Species;105818;CR;Biota;;Animalia;;;Chordata;;;Vertebrata;Gnathostomata;Chondrichthyes;;;;Elasmobranchii;Neoselachii;Selachii;;Galeomorphi;Carcharhiniformes;;;;;Sphyrnidae;;;;;Sphyrna;;;;;Sphyrna tudes;;;;;;;;;;;;;Department of Vertebrate Zoology, Research and Collections Information System, NMNH, Smithsonian Institution;;;;;USNM;Vertebrate Zoology;;;;;;;;;;;;;;;;;;;;;;;;;;;;;;;;;;;;;;;;;;;;;;;;;;;;;;;;;;;;;;;;;;;;;;;;;;;;;;;;;;;;;;;;;;;;;;;;;;;;;;;;;;;;;;;;;;;;;;;;;;;;;;;;;;;;;;;;;;;;;;;;
2a70bc1a-f5a7-4d44-88dd-2ddd1fab8ee5;d6d6fe4c-425f-4ce7-bf28-7a6befaeb413;-54.85833359;6.333333015;;;;;Sphyrna tudes;Sphyrna tudes;22;22;;{};f;f;37564;27;27.49;34.13;1;0;0;0;Species;105818;CR;Biota;;Animalia;;;Chordata;;;Vertebrata;Gnathostomata;Chondrichthyes;;;;Elasmobranchii;Neoselachii;Selachii;;Galeomorphi;Carcharhiniformes;;;;;Sphyrnidae;;;;;Sphyrna;;;;;Sphyrna tudes;;;;;;;;;;;;;Department of Vertebrate Zoology, Research and Collections Information System, NMNH, Smithsonian Institution;;;;;USNM;Vertebrate Zoology;;;;;;;;;;;;;;;;;;;;;;;;;;;;;;;;;;;;;;;;;;;;;;;;;;;;;;;;;;;;;;;;;;;;;;;;;;;;;;;;;;;;;;;;;;;;;;;;;;;;;;;;;;;;;;;;;;;;;;;;;;;;;;;;;;;;;;;;;;;;;;;;
c8bfe324-4e7e-4af5-8d36-dd638ce0d392;8a1ae661-e911-4967-bc06-1168fc5f2d89;31.05800056;-29.87100029;-5.27E+11;-5.27E+11;-5.27E+11;1953;Sphyrna tudes;Sphyrna bigelowi;;;;{no_depth};f;f;112;-4;23.2;35.23;1;0;0;0;Species;105818;CR;Biota;;Animalia;;;Chordata;;;Vertebrata;Gnathostomata;Chondrichthyes;;;;Elasmobranchii;Neoselachii;Selachii;;Galeomorphi;Carcharhiniformes;;;;;Sphyrnidae;;;;;Sphyrna;;;;;Sphyrna tudes;;;;;;;;;;;;;;;;;;SAMC;MBF;;;HumanObservation;;;;;;SAMC-MBF-007688;SAM 29604 : 3 jaws- April 1953;;;;3;;;;;;;;;;;SAM-MBF-029604;;;;;;;;;;;;;;;;;;1953-04-16T00:00:00Z;;;;1953;4;;;;;;;;;;;Indian Ocean;;;South Africa;;;;;Durban;;;;;;;;;;;;;;;;;;;;;;;;;;;;;;;;;;;;;;;;;;;;;;;;;;;;;;;urn:lsid:marinespecies.org:taxname:298503;;;;;;;;;;;;;;;;;;;;;;
3ed0d263-863a-4cdc-a6e7-651c90cb9b78;8a1ae661-e911-4967-bc06-1168fc5f2d89;31.05800056;-29.87100029;-5.22E+11;-5.22E+11;-5.22E+11;1953;Sphyrna tudes;Sphyrna bigelowi;;;;{no_depth};f;f;112;-4;23.2;35.23;1;0;0;0;Species;105818;CR;Biota;;Animalia;;;Chordata;;;Vertebrata;Gnathostomata;Chondrichthyes;;;;Elasmobranchii;Neoselachii;Selachii;;Galeomorphi;Carcharhiniformes;;;;;Sphyrnidae;;;;;Sphyrna;;;;;Sphyrna tudes;;;;;;;;;;;;;;;;;;SAMC;MBF;;;HumanObservation;;;;;;SAMC-MBF-007685;SAM 29601 : 1 jaw;;;;1;;;;;;;;;;;SAM-MBF-029601;;;;;;;;;;;;;;;;;;1953-06-16T00:00:00Z;;;;1953;6;;;;;;;;;;;Indian Ocean;;;South Africa;;;;;Durban;;;;;;;;;;;;;;;;;;;;;;;;;;;;;;;;;;;;;;;;;;;;;;;;;;;;;;;urn:lsid:marinespecies.org:taxname:298503;;;;;;;;;;;;;;;;;;;;;;
cc033c01-fa7e-48d9-ab03-943c861054ec;8a1ae661-e911-4967-bc06-1168fc5f2d89;31.05800056;-29.87100029;-5.20E+11;-5.20E+11;-5.20E+11;1953;Sphyrna tudes;Sphyrna bigelowi;;;;{no_depth};f;f;112;-4;23.2;35.23;1;0;0;0;Species;105818;CR;Biota;;Animalia;;;Chordata;;;Vertebrata;Gnathostomata;Chondrichthyes;;;;Elasmobranchii;Neoselachii;Selachii;;Galeomorphi;Carcharhiniformes;;;;;Sphyrnidae;;;;;Sphyrna;;;;;Sphyrna tudes;;;;;;;;;;;;;;;;;;SAMC;MBF;;;HumanObservation;;;;;;SAMC-MBF-007716;SAM 29599 : 1 jaw;;;;1;;;;;;;;;;;SAM-MBF-029599;;;;;;;;;;;;;;;;;;1953-07-13T12:00:00Z;;;;1953;7;13;;;;;;;;;;Indian Ocean;;;South Africa;;;;;Durban;;;;;;;;;;;;;;;;;;;;;;;;;;;;;;;;;;;;;;;;;;;;;;;;;;;;;;;urn:lsid:marinespecies.org:taxname:298503;;;;;;;;;;;;;;;;;;;;;;
f67a2812-2206-4747-b3b8-58e8f52bcbaf;8a1ae661-e911-4967-bc06-1168fc5f2d89;31.05800056;-29.87100029;-5.20E+11;-5.20E+11;-5.20E+11;1953;Sphyrna tudes;Sphyrna bigelowi;;;;{no_depth};f;f;112;-4;23.2;35.23;1;0;0;0;Species;105818;CR;Biota;;Animalia;;;Chordata;;;Vertebrata;Gnathostomata;Chondrichthyes;;;;Elasmobranchii;Neoselachii;Selachii;;Galeomorphi;Carcharhiniformes;;;;;Sphyrnidae;;;;;Sphyrna;;;;;Sphyrna tudes;;;;;;;;;;;;;;;;;;SAMC;MBF;;;HumanObservation;;;;;;SAMC-MBF-007689;SAM 29605 : 1 jaw - 14 June 1953;;;;1;;;;;;;;;;;SAM-MBF-029605;;;;;;;;;;;;;;;;;;1953-07-14T12:00:00Z;;;;1953;7;14;;;;;;;;;;Indian Ocean;;;South Africa;;;;;Durban;;;;;;;;;;;;;;;;;;;;;;;;;;;;;;;;;;;;;;;;;;;;;;;;;;;;;;;urn:lsid:marinespecies.org:taxname:298503;;;;;;;;;;;;;;;;;;;;;;
1c23b96b-56f5-4038-a3b3-ea99d7e0e895;8a1ae661-e911-4967-bc06-1168fc5f2d89;31.05800056;-29.87100029;-5.23E+11;-5.23E+11;-5.23E+11;1953;Sphyrna tudes;Sphyrna bigelowi;;;;{no_depth};f;f;112;-4;23.2;35.23;1;0;0;0;Species;105818;CR;Biota;;Animalia;;;Chordata;;;Vertebrata;Gnathostomata;Chondrichthyes;;;;Elasmobranchii;Neoselachii;Selachii;;Galeomorphi;Carcharhiniformes;;;;;Sphyrnidae;;;;;Sphyrna;;;;;Sphyrna tudes;;;;;;;;;;;;;;;;;;SAMC;MBF;;;HumanObservation;;;;;;SAMC-MBF-007717;SAM 29600 : 1 jaw;;;;1;;;;;;;;;;;SAM-MBF-029600;;;;;;;;;;;;;;;;;;1953-06-03T12:00:00Z;;;;1953;6;3;;;;;;;;;;Indian Ocean;;;South Africa;;;;;Durban;;;;;;;;;;;;;;;;;;;;;;;;;;;;;;;;;;;;;;;;;;;;;;;;;;;;;;;urn:lsid:marinespecies.org:taxname:298503;;;;;;;;;;;;;;;;;;;;;;
326ea6e2-913f-4f65-a3c8-c1da6a9f4cc5;8a1ae661-e911-4967-bc06-1168fc5f2d89;31.05800056;-29.87100029;-5.18E+11;-5.18E+11;-5.18E+11;1953;Sphyrna tudes;Sphyrna bigelowi;;;;{no_depth};f;f;112;-4;23.2;35.23;1;0;0;0;Species;105818;CR;Biota;;Animalia;;;Chordata;;;Vertebrata;Gnathostomata;Chondrichthyes;;;;Elasmobranchii;Neoselachii;Selachii;;Galeomorphi;Carcharhiniformes;;;;;Sphyrnidae;;;;;Sphyrna;;;;;Sphyrna tudes;;;;;;;;;;;;;;;;;;SAMC;MBF;;;HumanObservation;;;;;;SAMC-MBF-007686;SAM 29602 : 2 jaws- 31 July 1953;;;;2;;;;;;;;;;;SAM-MBF-029602;;;;;;;;;;;;;;;;;;1953-07-31T12:00:00Z;;;;1953;7;31;;;;;;;;;;Indian Ocean;;;South Africa;;;;;Durban;;;;;;;;;;;;;;;;;;;;;;;;;;;;;;;;;;;;;;;;;;;;;;;;;;;;;;;urn:lsid:marinespecies.org:taxname:298503;;;;;;;;;;;;;;;;;;;;;;
c14fb7a4-6ef6-44ec-ba01-0f3aa90e535a;8a1ae661-e911-4967-bc06-1168fc5f2d89;31.05800056;-29.87100029;-5.21E+11;-5.21E+11;-5.21E+11;1953;Sphyrna tudes;Sphyrna bigelowi;;;;{no_depth};f;f;112;-4;23.2;35.23;1;0;0;0;Species;105818;CR;Biota;;Animalia;;;Chordata;;;Vertebrata;Gnathostomata;Chondrichthyes;;;;Elasmobranchii;Neoselachii;Selachii;;Galeomorphi;Carcharhiniformes;;;;;Sphyrnidae;;;;;Sphyrna;;;;;Sphyrna tudes;;;;;;;;;;;;;;;;;;SAMC;MBF;;;HumanObservation;;;;;;SAMC-MBF-007687;SAM 29603 : 1 jaw - 2 July 1953;;;;1;;;;;;;;;;;SAM-MBF-029603;;;;;;;;;;;;;;;;;;1953-07-02T12:00:00Z;;;;1953;7;2;;;;;;;;;;Indian Ocean;;;South Africa;;;;;Durban;;;;;;;;;;;;;;;;;;;;;;;;;;;;;;;;;;;;;;;;;;;;;;;;;;;;;;;urn:lsid:marinespecies.org:taxname:298503;;;;;;;;;;;;;;;;;;;;;;
58fda265-d659-497f-9f23-8464560d0436;9b787218-7138-4ffa-8ba6-36d63d391f8c;-55;6;;;;;Sphyrna tudes;Sphyrna tudes;;;;{no_depth};f;f;622;-1;;;1;0;0;0;Species;105818;CR;Biota;;Animalia;;;Chordata;;;Vertebrata;Gnathostomata;Chondrichthyes;;;;Elasmobranchii;Neoselachii;Selachii;;Galeomorphi;Carcharhiniformes;;;;;Sphyrnidae;;;;;Sphyrna;;;;;Sphyrna tudes;;;;;;;;;;;;;;;;;;USNM;Occurrence;;;PreservedSpecimen;;;;;;USNM 00159229;;;;;;;;;;;;;;;;;;;;;;;;;;;;;;;;;;;;;;;;;;;;;;;;;;South America;;;Suriname;;;;;ATLANTIC OFF SURINAM;;;;;;;;;;;;;;;;;;;;;;;;;;;;;;;;;;;;;;;;;;;;;;;;;;;;;;;urn:lsid:marinespecies.org:taxname:105818;;;;;;;;;;;;;;;;;(Valenciennes, 1822);;;;;
3a249ba7-9946-4852-961e-4060faa80f7f;9b787218-7138-4ffa-8ba6-36d63d391f8c;-55;6;;;;;Sphyrna tudes;Sphyrna tudes;;;;{no_depth};f;f;622;-1;;;1;0;0;0;Species;105818;CR;Biota;;Animalia;;;Chordata;;;Vertebrata;Gnathostomata;Chondrichthyes;;;;Elasmobranchii;Neoselachii;Selachii;;Galeomorphi;Carcharhiniformes;;;;;Sphyrnidae;;;;;Sphyrna;;;;;Sphyrna tudes;;;;;;;;;;;;;;;;;;USNM;Occurrence;;;PreservedSpecimen;;;;;;USNM 00159197;;;;;;;;;;;;;;;;;;;;;;;;;;;;;;;;;;;;;;;;;;;;;;;;;;South America;;;Suriname;;;;;OFF SURINAM;;;;;;;;;;;;;;;;;;;;;;;;;;;;;;;;;;;;;;;;;;;;;;;;;;;;;;;urn:lsid:marinespecies.org:taxname:105818;;;;;;;;;;;;;;;;;(Valenciennes, 1822);;;;;
9d0bca82-9565-4418-82cf-3159ed91d0cb;9b787218-7138-4ffa-8ba6-36d63d391f8c;-57;7;;;;;Sphyrna tudes;Sphyrna tudes;;;;{no_depth};f;f;88852;73;27.84;35.21;1;0;0;0;Species;105818;CR;Biota;;Animalia;;;Chordata;;;Vertebrata;Gnathostomata;Chondrichthyes;;;;Elasmobranchii;Neoselachii;Selachii;;Galeomorphi;Carcharhiniformes;;;;;Sphyrnidae;;;;;Sphyrna;;;;;Sphyrna tudes;;;;;;;;;;;;;;;;;;BMNH;Occurrence;;;PreservedSpecimen;;;observedindividualcount=1;;;;;;;;;;;;;;;;;;;;;;;;;;;;;;;;;;;;;;;;;;;;;;;;;;;;;;;;;;;;;;;;;;;;;;;;;;;;;;;;;;;;;;;;;;;;;;;;;;;;;;;;;;;;;;;;;;;;;;;;;;;;;;;;;;;;;;;;;;
fe3e195f-03a2-46b5-bdff-ec70ec7e7639;9b787218-7138-4ffa-8ba6-36d63d391f8c;-88;29;;;;;Sphyrna tudes;Sphyrna tudes;;;;{no_depth};f;f;98476;1413;25.36;33.76;1;0;0;0;Species;105818;CR;Biota;;Animalia;;;Chordata;;;Vertebrata;Gnathostomata;Chondrichthyes;;;;Elasmobranchii;Neoselachii;Selachii;;Galeomorphi;Carcharhiniformes;;;;;Sphyrnidae;;;;;Sphyrna;;;;;Sphyrna tudes;;;;;;;;;;;;;;;;;;USNM;Occurrence;;;PreservedSpecimen;;;;;;USNM 00195957;;;;;;;;;;;;;;;;;;;;;;;;;;;;;;;;;;;;;;;;;;;;;;;;;;North America;;;USA;;;;;MISS.:;;;;;;;;;;;;;;;;;;;;;;;;;;;;;;;;;;;;;;;;;;;;;;;;;;;;;;;urn:lsid:marinespecies.org:taxname:105818;;;;;;;;;;;;;;;;;(Valenciennes, 1822);;;;;
faffcaed-9561-452b-89c3-5d4845ef007e;9b787218-7138-4ffa-8ba6-36d63d391f8c;-16.85000038;14.14999962;;;;;Sphyrna tudes;Sphyrna tudes;;;;{no_depth};f;f;1377;2;24.45;34.2;1;0;0;0;Species;105818;CR;Biota;;Animalia;;;Chordata;;;Vertebrata;Gnathostomata;Chondrichthyes;;;;Elasmobranchii;Neoselachii;Selachii;;Galeomorphi;Carcharhiniformes;;;;;Sphyrnidae;;;;;Sphyrna;;;;;Sphyrna tudes;;;;;;;;;;;;;;;;;;MNHN;Occurrence;;;PreservedSpecimen;;;;;;MNHN AB-0235;1 piece (machoire)L.1,64m.renumerote:MNHN 1965-114. Collecting Method: poison(rotenone);;cadenat;;;;;male;;;;;;crane machoires;;;;;;;;;;;;;;;;;;;;;;;;;;;;;;;;;;;;Africa;;;Senegal;;;;;joal;;;;;;;;;;;;;;;;;;;;;;;;;;;;;;;;;;;;;;;;;;;;;;;;;;;;;;;urn:lsid:marinespecies.org:taxname:105818;;;;;;;;;;;;;;;;;(Valenciennes, 1822);;;;;
d4775bd5-10a9-494b-91b7-251f0dbc04d8;9b787218-7138-4ffa-8ba6-36d63d391f8c;-57;6;;;;;Sphyrna tudes;Sphyrna tudes;;;;{no_depth};f;f;1713;11;;;1;0;0;0;Species;105818;CR;Biota;;Animalia;;;Chordata;;;Vertebrata;Gnathostomata;Chondrichthyes;;;;Elasmobranchii;Neoselachii;Selachii;;Galeomorphi;Carcharhiniformes;;;;;Sphyrnidae;;;;;Sphyrna;;;;;Sphyrna tudes;;;;;;;;;;;;;;;;;;BMNH;Occurrence;;;PreservedSpecimen;;;observedindividualcount=2;;;;;;;;;;;;;;;;;;;;;;;;;;;;;;;;;;;;;;;;;;;;;;;;;;;;;;;;;;;;;;;;;;;;;;;;;;;;;;;;;;;;;;;;;;;;;;;;;;;;;;;;;;;;;;;;;;;;;;;;;;;;;;;;;;;;;;;;;;
4f885fd9-904a-4187-adea-c308b911e6ec;9b787218-7138-4ffa-8ba6-36d63d391f8c;-61;10;;;;;Sphyrna tudes;Sphyrna tudes;;;;{no_depth};f;f;14380;42;27.97;32.96;1;0;0;0;Species;105818;CR;Biota;;Animalia;;;Chordata;;;Vertebrata;Gnathostomata;Chondrichthyes;;;;Elasmobranchii;Neoselachii;Selachii;;Galeomorphi;Carcharhiniformes;;;;;Sphyrnidae;;;;;Sphyrna;;;;;Sphyrna tudes;;;;;;;;;;;;;;;;;;ROM;Occurrence;;;PreservedSpecimen;;;observedindividualcount=1;;;;;;;;;;;;;;;;;;;;;;;;;;;;;;;;;;;;;;;;;;;;;;;;;;;;;;;;;;;;;;;;;;;;;;;;;;;;;;;;;;;;;;;;;;;;;;;;;;;;;;;;;;;;;;;;;;;;;;;;;;;;;;;;;;;;;;;;;;
fcb6ce20-bad8-432c-a784-07c3b7f750aa;9b787218-7138-4ffa-8ba6-36d63d391f8c;-55;6;;;;;Sphyrna tudes;Sphyrna tudes;;;;{no_depth};f;f;622;-1;;;1;0;0;0;Species;105818;CR;Biota;;Animalia;;;Chordata;;;Vertebrata;Gnathostomata;Chondrichthyes;;;;Elasmobranchii;Neoselachii;Selachii;;Galeomorphi;Carcharhiniformes;;;;;Sphyrnidae;;;;;Sphyrna;;;;;Sphyrna tudes;;;;;;;;;;;;;;;;;;USNM;Occurrence;;;PreservedSpecimen;;;;;;USNM 00159228;;;;;;;;;;;;;;;;;;;;;;;;;;;;;;;;;;;;;;;;;;;;;;;;;;South America;;;Suriname;;;;;ATLANTIC OFF SURINAM;;;;;;;;;;;;;;;;;;;;;;;;;;;;;;;;;;;;;;;;;;;;;;;;;;;;;;;urn:lsid:marinespecies.org:taxname:105818;;;;;;;;;;;;;;;;;(Valenciennes, 1822);;;;;
ae1ddb23-f365-4c5a-a378-48a00ac6c4ca;9b787218-7138-4ffa-8ba6-36d63d391f8c;-55;6;;;;;Sphyrna tudes;Sphyrna tudes;;;;{no_depth};f;f;622;-1;;;1;0;0;0;Species;105818;CR;Biota;;Animalia;;;Chordata;;;Vertebrata;Gnathostomata;Chondrichthyes;;;;Elasmobranchii;Neoselachii;Selachii;;Galeomorphi;Carcharhiniformes;;;;;Sphyrnidae;;;;;Sphyrna;;;;;Sphyrna tudes;;;;;;;;;;;;;;;;;;USNM;Occurrence;;;PreservedSpecimen;;;;;;USNM 00159199;;;;;;;;;;;;;;;;;;;;;;;;;;;;;;;;;;;;;;;;;;;;;;;;;;South America;;;Suriname;;;;;OFF SURINAM;;;;;;;;;;;;;;;;;;;;;;;;;;;;;;;;;;;;;;;;;;;;;;;;;;;;;;;urn:lsid:marinespecies.org:taxname:105818;;;;;;;;;;;;;;;;;(Valenciennes, 1822);;;;;
21fe67ae-a77a-4c19-b18e-0ce9c9e4667b;36fbc01b-72bd-42f0-af0a-e1701cddcf94;-60.991852;10.712562;5.12E+11;5.12E+11;5.12E+11;1986;Sphyrna tudes;Sphyrna tudes;;;;{no_depth};f;f;411;-19;27.94;33.07;1;0;0;0;Species;105818;CR;Biota;;Animalia;;;Chordata;;;Vertebrata;Gnathostomata;Chondrichthyes;;;;Elasmobranchii;Neoselachii;Selachii;;Galeomorphi;Carcharhiniformes;;;;;Sphyrnidae;;;;;Sphyrna;;;;;Sphyrna tudes;;;;;;;Collection;;;CC BY 4.0;UF;;;;;70;;UF;Fish;;;PreservedSpecimen;;;;;FN2-30521091-70-UF;159997;;FN2-30521091-70-UF;Castro, Jose;;;;;;;;;;present;;;;;;;;;;;;;;;;;;;;;19/03/1986;;;;;;;;;;;;;;;;;;;Trinidad and Tobago;;;;;Atlantic Ocean, Balandra, Trinidad;;;;;;;;;;;;;;;;;;;;;;;;;;;;;;;;;;;;;;;;;;;;;;;;;;;;;;;urn:lsid:marinespecies.org:taxname:105818;;;;;;;;;;;;;;;;;;;;;;
8e7a615e-a75d-47aa-8661-f226faf7ed68;36fbc01b-72bd-42f0-af0a-e1701cddcf94;-61.016667;10.516667;4.95E+11;4.95E+11;4.95E+11;1985;Sphyrna tudes;Sphyrna tudes;;;;{no_depth};f;f;588;-6;27.92;32.35;1;0;0;0;Species;105818;CR;Biota;;Animalia;;;Chordata;;;Vertebrata;Gnathostomata;Chondrichthyes;;;;Elasmobranchii;Neoselachii;Selachii;;Galeomorphi;Carcharhiniformes;;;;;Sphyrnidae;;;;;Sphyrna;;;;;Sphyrna tudes;;;;;;;Collection;;;CC BY 4.0;UF;;;;;70;;UF;Fish;;;PreservedSpecimen;;;;;FN2-30521427-70-UF;160160;;FN2-30521427-70-UF;Castro, Jose;;;;;;;;;;present;;;;;;;;;;;;;;;;;;;;;12/09/1985;;;;;;;;;;;;;;;;;;;Trinidad and Tobago;;;;;Manzanilla Bay, Trinidad;;;;;;;;;;;;;;;;;;;;;;;;;;;;;;;;;;;;;;;;;;;;;;;;;;;;;;;urn:lsid:marinespecies.org:taxname:105818;;;;;;;;;;;;;;;;;;;;;;
9936cb41-54db-400b-9584-43379a978467;36fbc01b-72bd-42f0-af0a-e1701cddcf94;-61.016667;10.516667;4.95E+11;4.95E+11;4.95E+11;1985;Sphyrna tudes;Sphyrna tudes;;;;{no_depth};f;f;588;-6;27.92;32.35;1;0;0;0;Species;105818;CR;Biota;;Animalia;;;Chordata;;;Vertebrata;Gnathostomata;Chondrichthyes;;;;Elasmobranchii;Neoselachii;Selachii;;Galeomorphi;Carcharhiniformes;;;;;Sphyrnidae;;;;;Sphyrna;;;;;Sphyrna tudes;;;;;;;Collection;;;CC BY 4.0;UF;;;;;70;;UF;Fish;;;PreservedSpecimen;;;;;FN2-30522131-70-UF;160503;;FN2-30522131-70-UF;Castro, Jose;;;;;;;;;;present;;;;;;;;;;;;;;;;;;;;;12/09/1985;;;;;;;;;;;;;;;;;;;Trinidad and Tobago;;;;;Manzanilla Bay, Trinidad;;;;;;;;;;;;;;;;;;;;;;;;;;;;;;;;;;;;;;;;;;;;;;;;;;;;;;;urn:lsid:marinespecies.org:taxname:105818;;;;;;;;;;;;;;;;;;;;;;
a174e3ff-615e-450c-a978-b520f4f46767;36fbc01b-72bd-42f0-af0a-e1701cddcf94;-61.0243861;10.7055806;;;;;Sphyrna tudes;Sphyrna tudes;;;;{no_depth,on_land};f;f;-200;-9;27.86;32.94;1;0;0;0;Species;105818;CR;Biota;;Animalia;;;Chordata;;;Vertebrata;Gnathostomata;Chondrichthyes;;;;Elasmobranchii;Neoselachii;Selachii;;Galeomorphi;Carcharhiniformes;;;;;Sphyrnidae;;;;;Sphyrna;;;;;Sphyrna tudes;;;;;;;Collection;;;CC BY 4.0;UF;;;;;70;;UF;Fish;;;PreservedSpecimen;;;;;FN2-30566321-70-UF;182204;;FN2-30566321-70-UF;Local fishermen;;;;;;;;;;;;;;;;;;;;;;;;;;;;;;;;;;;;;;;;;;;;;;;;;;;;;;;;;;;;;;;;;;;;;;;;;;;;;;;;;;;;;;;;;;;;;;;;;;;;;;;;;;;;;;;;;;;;;;;;;;;;;;;;;;;;
df845cf5-7205-4d9f-aa37-9277132bf0dc;36fbc01b-72bd-42f0-af0a-e1701cddcf94;-61.0243861;10.7055806;;;;;Sphyrna tudes;Sphyrna tudes;;;;{no_depth,on_land};f;f;-200;-9;27.86;32.94;1;0;0;0;Species;105818;CR;Biota;;Animalia;;;Chordata;;;Vertebrata;Gnathostomata;Chondrichthyes;;;;Elasmobranchii;Neoselachii;Selachii;;Galeomorphi;Carcharhiniformes;;;;;Sphyrnidae;;;;;Sphyrna;;;;;Sphyrna tudes;;;;;;;Collection;;;CC BY 4.0;UF;;;;;70;;UF;Fish;;;PreservedSpecimen;;;;;FN2-30566322-70-UF;182205;;FN2-30566322-70-UF;Local fishermen;;;;;;;;;;;;;;;;;;;;;;;;;;;;;;;;;;;;;;;;;;;;;;;;;;;;;;;;;;;;;;;;;;;;;;;;;;;;;;;;;;;;;;;;;;;;;;;;;;;;;;;;;;;;;;;;;;;;;;;;;;;;;;;;;;;;
7620c993-9a78-4901-ad53-fabfb066e26c;36fbc01b-72bd-42f0-af0a-e1701cddcf94;-46.342946;-23.988901;-8.10E+11;-8.10E+11;-8.10E+11;1944;Sphyrna tudes;Sphyrna tudes;;;15000;{no_depth};f;f;1830;8;;;1;0;0;0;Species;105818;CR;Biota;;Animalia;;;Chordata;;;Vertebrata;Gnathostomata;Chondrichthyes;;;;Elasmobranchii;Neoselachii;Selachii;;Galeomorphi;Carcharhiniformes;;;;;Sphyrnidae;;;;;Sphyrna;;;;;Sphyrna tudes;;;;;;;Collection;;;CC BY 4.0;CAS;;;;;62;;CAS;SU;;;PreservedSpecimen;;;;;FN2-30993461-62-CAS;52875;;FN2-30993461-62-CAS;;;1;;;;;;;;present;;;;;;;;;;;;;;;;;;;;;06/05/1944;;;;;;;;;;;;;;;;;;;Brazil;;;;;Santos, litoral de Sao Paulo.;;;;;;;;;;;;;;;;;;;;;;;;;;;;;;;;;;;;;;;;;;;;;;;;;;;;;;;urn:lsid:marinespecies.org:taxname:105818;;;;;;;;;;;;;;;;;;;;;;
416f0c34-6c0d-47be-9330-e4784b9fec6e;36fbc01b-72bd-42f0-af0a-e1701cddcf94;-106.428152;21.434884;-1.58E+12;-1.58E+12;-1.58E+12;1919;Sphyrna tudes;Sphyrna tudes;;;8156;{no_depth,on_land};f;f;-26;-20;27.26;33.72;1;0;0;0;Species;105818;CR;Biota;;Animalia;;;Chordata;;;Vertebrata;Gnathostomata;Chondrichthyes;;;;Elasmobranchii;Neoselachii;Selachii;;Galeomorphi;Carcharhiniformes;;;;;Sphyrnidae;;;;;Sphyrna;;;;;Sphyrna tudes;;;;;;;Collection;;;CC BY 4.0;CAS;;;;;62;;CAS;ICH;;;PreservedSpecimen;;;;;FN2-31112094-62-CAS;65120;;FN2-31112094-62-CAS;;;1;;;;;;;;present;;;;;;;;;;;;;;;;;;;;;26/12/1919;;;;;;;;;;;;;;;;;Islas Tres Marias;Maria Magdalena I.;Mexico;;;;;Cornudo Baya.;;;;;;;;;;;;;;;;;;;;;;;;;;;;;;;;;;;;;;;;;;;;;;;;;;;;;;;urn:lsid:marinespecies.org:taxname:105818;;;;;;;;;;;;;;;;;;;;;;
03593219-0f25-4cfd-89b1-131b599a961d;36fbc01b-72bd-42f0-af0a-e1701cddcf94;106.7583333;-6.141666667;;;;;Sphyrna tudes;Sphyrna tudes;;;115000;{no_depth,on_land};f;f;-4184;-3;29.11;31.34;1;0;0;0;Species;105818;CR;Biota;;Animalia;;;Chordata;;;Vertebrata;Gnathostomata;Chondrichthyes;;;;Elasmobranchii;Neoselachii;Selachii;;Galeomorphi;Carcharhiniformes;;;;;Sphyrnidae;;;;;Sphyrna;;;;;Sphyrna tudes;;;;;;;Collection;;;CC BY 4.0;MCZ;;;;;10;;MCZ;Ich;;;PreservedSpecimen;;;;;FN2-40900154-10-MCZ;S-1389;;FN2-40900154-10-MCZ;Owen F. Bryant, William Palmer;;1;;;;;;;;present;;;;;;;;;;;;;;;;;;;;;0000-00-00;;;;;;;;;;;;;;;;;Greater Sunda Islands;;Indonesia;;;;;Pacific, Western Central, Batavia [Jakarta];;;;;;;;;;;;;;;;;;;;;;;;;;;;;;;;;;;;;;;;;;;;;;;;;;;;;;;urn:lsid:marinespecies.org:taxname:105818;;;;;;;;;;;;;;;;;;;;;;
46781e66-02e8-4b55-a284-d7a133aa3cff;36fbc01b-72bd-42f0-af0a-e1701cddcf94;-43.231148;-23.078035;;;;;Sphyrna tudes;Sphyrna bigelowi;;;46455;{no_depth};f;f;2306;46;23.33;36.28;1;0;0;0;Species;105818;CR;Biota;;Animalia;;;Chordata;;;Vertebrata;Gnathostomata;Chondrichthyes;;;;Elasmobranchii;Neoselachii;Selachii;;Galeomorphi;Carcharhiniformes;;;;;Sphyrnidae;;;;;Sphyrna;;;;;Sphyrna tudes;;;;;;;Collection;;;CC BY 4.0;MCZ;;;;;10;;MCZ;Ich;;;PreservedSpecimen;;;;;FN2-40900682-10-MCZ;S-463;;FN2-40900682-10-MCZ;Thayer Expedition to Brazil, Louis Agassiz, and party;;1;;;;;;;;present;;;;;;;;;;;;;;;;;;;;;0000-00-00;;;;;;;;;;;;;;;;;;;Brazil;;;;;Atlantic, Southwest, RIO DE JANEIRO  [Rio de Janeiro and environs];;;;;;;;;;;;;;;;;;;;;;;;;;;;;;;;;;;;;;;;;;;;;;;;;;;;;;;urn:lsid:marinespecies.org:taxname:298503;;;;;;;;;;;;;;;;;;;;;;
dcf7d303-ff23-4286-8beb-d5345cbaa8d7;36fbc01b-72bd-42f0-af0a-e1701cddcf94;-79.652149;26.783768;;;;;Sphyrna tudes;Sphyrna tudes;;;39088;{no_depth};f;f;37622;599;27.29;36.01;1;0;0;0;Species;105818;CR;Biota;;Animalia;;;Chordata;;;Vertebrata;Gnathostomata;Chondrichthyes;;;;Elasmobranchii;Neoselachii;Selachii;;Galeomorphi;Carcharhiniformes;;;;;Sphyrnidae;;;;;Sphyrna;;;;;Sphyrna tudes;;;;;;;Collection;;;CC BY 4.0;MCZ;;;;;10;;MCZ;Ich;;;PreservedSpecimen;;;;;FN2-40921192-10-MCZ;41409;;FN2-40921192-10-MCZ;M. M. Vorenberg;;1;;;;;;;;present;;;;;;;;;;;;;;;;;;;;;0000-00-00;;;;;;;;;;;;;;;;;;;United States;;;;;Atlantic, Western Central, Off Palm Beach.;;;;;;;;;;;;;;;;;;;;;;;;;;;;;;;;;;;;;;;;;;;;;;;;;;;;;;;urn:lsid:marinespecies.org:taxname:105818;;;;;;;;;;;;;;;;;;;;;;
a001d1e5-0449-4de7-a53a-2a6a808c8081;36fbc01b-72bd-42f0-af0a-e1701cddcf94;-82.382353;26.948349;;;;;Sphyrna tudes;Sphyrna tudes;;;4459;{no_depth};f;f;576;4;25.09;36.09;1;0;0;0;Species;105818;CR;Biota;;Animalia;;;Chordata;;;Vertebrata;Gnathostomata;Chondrichthyes;;;;Elasmobranchii;Neoselachii;Selachii;;Galeomorphi;Carcharhiniformes;;;;;Sphyrnidae;;;;;Sphyrna;;;;;Sphyrna tudes;;;;;;;Collection;;;CC BY 4.0;MCZ;;;;;10;;MCZ;Ich;;;PreservedSpecimen;;;;;FN2-40928680-10-MCZ;35247;;FN2-40928680-10-MCZ;Stewart Springer;;1;;;;;;;;present;;;;;;;;;;;;;;;;;;;;;0000-00-00;;;;;;;;;;;;;;;;;;;United States;;;;;Atlantic, Western Central, Englewood;;;;;;;;;;;;;;;;;;;;;;;;;;;;;;;;;;;;;;;;;;;;;;;;;;;;;;;urn:lsid:marinespecies.org:taxname:105818;;;;;;;;;;;;;;;;;;;;;;
2853c5aa-5f4e-4f9c-892a-b425949fec7e;36fbc01b-72bd-42f0-af0a-e1701cddcf94;-79.586231;26.641468;;;;;Sphyrna tudes;Sphyrna tudes;;;67908;{no_depth};f;f;44754;752;27.36;36.02;1;0;0;0;Species;105818;CR;Biota;;Animalia;;;Chordata;;;Vertebrata;Gnathostomata;Chondrichthyes;;;;Elasmobranchii;Neoselachii;Selachii;;Galeomorphi;Carcharhiniformes;;;;;Sphyrnidae;;;;;Sphyrna;;;;;Sphyrna tudes;;;;;;;Collection;;;CC BY 4.0;MCZ;;;;;10;;MCZ;Ich;;;PreservedSpecimen;;;;;FN2-40934315-10-MCZ;40585;;FN2-40934315-10-MCZ;M. M. Vorenberg;;1;;;;;;;;present;;;;;;;;;;;;;;;;;;;;;0000-00-00;;;;;;;;;;;;;;;;;;;United States;;;;;Atlantic, Western Central, off Palm Beach;;;;;;;;;;;;;;;;;;;;;;;;;;;;;;;;;;;;;;;;;;;;;;;;;;;;;;;urn:lsid:marinespecies.org:taxname:105818;;;;;;;;;;;;;;;;;;;;;;
01b12e13-0d80-4f0a-98b4-e445ab3ce8c1;36fbc01b-72bd-42f0-af0a-e1701cddcf94;-82.339147;26.899428;;;;;Sphyrna tudes;Sphyrna tudes;;;1272;{no_depth};f;f;138;-2;25.09;36.1;1;0;0;0;Species;105818;CR;Biota;;Animalia;;;Chordata;;;Vertebrata;Gnathostomata;Chondrichthyes;;;;Elasmobranchii;Neoselachii;Selachii;;Galeomorphi;Carcharhiniformes;;;;;Sphyrnidae;;;;;Sphyrna;;;;;Sphyrna tudes;;;;;;;Collection;;;CC BY 4.0;MCZ;;;;;10;;MCZ;Ich;;;PreservedSpecimen;;;;;FN2-41053601-10-MCZ;172765;;FN2-41053601-10-MCZ;[no agent data];;1;;;;;;;;present;;;;;;;;;;;;;;;;;;;;;0000-00-00;;;;;;;;;;;;;;;;;;;United States;;;;;Atlantic, Western Central, Englewood, off Stump Pass;;;;;;;;;;;;;;;;;;;;;;;;;;;;;;;;;;;;;;;;;;;;;;;;;;;;;;;urn:lsid:marinespecies.org:taxname:105818;;;;;;;;;;;;;;;;;;;;;;
012a8c3f-7214-4e3c-ba05-fc30b52524e1;36fbc01b-72bd-42f0-af0a-e1701cddcf94;-99.966667;16.916667;-2.81E+11;-2.81E+11;-2.81E+11;1961;Sphyrna tudes;Sphyrna tudes;;;;{no_depth,on_land};f;f;-1881;-5;;;1;0;0;0;Species;105818;CR;Biota;;Animalia;;;Chordata;;;Vertebrata;Gnathostomata;Chondrichthyes;;;;Elasmobranchii;Neoselachii;Selachii;;Galeomorphi;Carcharhiniformes;;;;;Sphyrnidae;;;;;Sphyrna;;;;;Sphyrna tudes;;;;;;;Collection;;;CC BY 4.0;CMN;;;;;6;;CMN;CMNFI;;;PreservedSpecimen;;;;;FN2-42287534-6-CMN;CMNFI 1968-1375.1;;FN2-42287534-6-CMN;Briggs, J.C.;;1;;;;;;;;present;;;;;;;;;;;;;;;;;;;;;06/02/1961;;;;;;;;;;;;;;;;;;;Mexico;;;;;Acapulco fish market;;;;;;;;;;;;;;;;;;;;;;;;;;;;;;;;;;;;;;;;;;;;;;;;;;;;;;;urn:lsid:marinespecies.org:taxname:105818;;;;;;;;;;;;;;;;;;;;;;
58ddf05b-fee6-430c-9103-da5bfb27f1b5;36fbc01b-72bd-42f0-af0a-e1701cddcf94;-112.872786;28.444867;-1.38E+12;-1.38E+12;-1.38E+12;1926;Sphyrna tudes;Sphyrna tudes;;;2372;{no_depth};f;f;282;94;22.15;34.98;1;0;0;0;Species;105818;CR;Biota;;Animalia;;;Chordata;;;Vertebrata;Gnathostomata;Chondrichthyes;;;;Elasmobranchii;Neoselachii;Selachii;;Galeomorphi;Carcharhiniformes;;;;;Sphyrnidae;;;;;Sphyrna;;;;;Sphyrna tudes;;;;;;;Collection;;;CC BY 4.0;YPM;;;;;26;;YPM;VZ;;;PreservedSpecimen;;;;;FN2-46225838-26-YPM;YPM ICH 001124;;FN2-46225838-26-YPM;R/V Pawnee II, R/V Pawnee II;;4;;;;;;;;present;;;;;;;;;;;;;;;;;;;;;07/05/1926;;;;;;;;;;;;;;;;;;;Mexico;;;;;Pacific Ocean;;;;;;;;;;;;;;;;;;;;;;;;;;;;;;;;;;;;;;;;;;;;;;;;;;;;;;;;;;;;;;;;;;;;;;;;;;;;;
d99c4a19-214c-43c0-b1f9-a8b39a912571;36fbc01b-72bd-42f0-af0a-e1701cddcf94;-112.872786;28.444867;-1.38E+12;-1.38E+12;-1.38E+12;1926;Sphyrna tudes;Sphyrna tudes;;;2372;{no_depth};f;f;282;94;22.15;34.98;1;0;0;0;Species;105818;CR;Biota;;Animalia;;;Chordata;;;Vertebrata;Gnathostomata;Chondrichthyes;;;;Elasmobranchii;Neoselachii;Selachii;;Galeomorphi;Carcharhiniformes;;;;;Sphyrnidae;;;;;Sphyrna;;;;;Sphyrna tudes;;;;;;;Collection;;;CC BY 4.0;YPM;;;;;26;;YPM;VZ;;;PreservedSpecimen;;;;;FN2-46232632-26-YPM;YPM ICH 001001;;FN2-46232632-26-YPM;R/V Pawnee II, R/V Pawnee II;;2;;;;;;;;present;;;;;;;;;;;;;;;;;;;;;09/05/1926;;;;;;;;;;;;;;;;;;;Mexico;;;;;Pacific Ocean;;;;;;;;;;;;;;;;;;;;;;;;;;;;;;;;;;;;;;;;;;;;;;;;;;;;;;;;;;;;;;;;;;;;;;;;;;;;;
c349a925-8de5-4e28-bdf3-1a1d09aac189;36fbc01b-72bd-42f0-af0a-e1701cddcf94;-61;10;73094400000;73094400000;73094400000;1972;Sphyrna tudes;Sphyrna tudes;;;;{no_depth};f;f;14380;42;27.97;32.96;1;0;0;0;Species;105818;CR;Biota;;Animalia;;;Chordata;;;Vertebrata;Gnathostomata;Chondrichthyes;;;;Elasmobranchii;Neoselachii;Selachii;;Galeomorphi;Carcharhiniformes;;;;;Sphyrnidae;;;;;Sphyrna;;;;;Sphyrna tudes;;;;;;;Collection;;;CC BY 4.0;ROM;;;;;15;;ROM;Fishes;;;PreservedSpecimen;;;;;FN2-47375716-15-ROM;58701;;FN2-47375716-15-ROM;Wood, H. E.;;1;;;;;;;;present;;;;;;;;;;;;;;;;;;;;;26/04/1972;;;;;;;;;;;;;;;;;;;Trinidad and Tobago;;;;;;;;;;;;;;;;;;;;;;;;;;;;;;;;;;;;;;;;;;;;;;;;;;;;;;;;;;;;urn:lsid:marinespecies.org:taxname:105818;;;;;;;;;;;;;;;;;;;;;;
2f0bfab1-6df0-49c1-b0a3-f9909c128dfc;36fbc01b-72bd-42f0-af0a-e1701cddcf94;-54.8583;6.33333;;;;;Sphyrna tudes;Sphyrna tudes;;;;{no_depth};f;f;37564;24;27.49;34.13;1;0;0;0;Species;105818;CR;Biota;;Animalia;;;Chordata;;;Vertebrata;Gnathostomata;Chondrichthyes;;;;Elasmobranchii;Neoselachii;Selachii;;Galeomorphi;Carcharhiniformes;;;;;Sphyrnidae;;;;;Sphyrna;;;;;Sphyrna tudes;;;;;;;Collection;;;CC BY 4.0;USNM;;;;;12;;USNM;Fishes;;;PreservedSpecimen;;;;;FN2-55814025-12-USNM;159227;;FN2-55814025-12-USNM;;;2;;;;;;;;present;;;;;;;;;;;;;;;;;;;;;0000-00-00;;;;;;;;;;;;;;;;;;;;;;;;Atlantic Off Surinam;;;;;;;;;;;;;;;;;;;;;;;;;;;;;;;;;;;;;;;;;;;;;;;;;;;;;;;urn:lsid:marinespecies.org:taxname:105818;;;;;;;;;;;;;;;;;;;;;;
8c2dfe68-69b4-4954-afdc-13551c3e68de;705770e5-3474-4e69-be8b-3107a0c5610a;-16.85000038;14.14999962;;;;;Sphyrna tudes;Sphyrna tudes;;;;{no_depth};f;f;1377;2;24.45;34.2;1;0;0;0;Species;105818;CR;Biota;;Animalia;;;Chordata;;;Vertebrata;Gnathostomata;Chondrichthyes;;;;Elasmobranchii;Neoselachii;Selachii;;Galeomorphi;Carcharhiniformes;;;;;Sphyrnidae;;;;;Sphyrna;;;;;Sphyrna tudes;;;;;;;;;;;;;;;;;;MNHN;IC;;;PreservedSpecimen;;;;;;ab-0234;;;cadenat;;;;;;;;;;;;;;;;;;;;;;;;;;;;;;;;;;;;;;;;;;;;;;;atlantique;;;SǸnǸgal;;;;;;;;;;;;;;;;;;;;;;;;;;;;;;;;;;;;;;;;;;;;;;;;;;;;;;;;;;;;urn:lsid:marinespecies.org:taxname:105818;;;;;;;;;;;;;;;;;valenciennes;;;;;
4add592b-fa02-417d-9169-00b713145760;705770e5-3474-4e69-be8b-3107a0c5610a;37.5;-21;;;;;Sphyrna tudes;Sphyrna tudes;;;;{no_depth};f;f;216205;2937;26.55;35.05;1;0;0;0;Species;105818;CR;Biota;;Animalia;;;Chordata;;;Vertebrata;Gnathostomata;Chondrichthyes;;;;Elasmobranchii;Neoselachii;Selachii;;Galeomorphi;Carcharhiniformes;;;;;Sphyrnidae;;;;;Sphyrna;;;;;Sphyrna tudes;;;;;;;;;;;;;;;;;;MNHN;IC;;;PreservedSpecimen;;;;;;1908-0069;;;vasse;;;;;;;;;;;;;;;;;;;;;;;;;;;;;;;;;;;;;;;;;;;;;;;indien;;;Mozambique;;;;;;;;;;;;;;;;;;;;;;;;;;;;;;;;;;;;;;;;;;;;;;;;;;;;;;;;;;;;urn:lsid:marinespecies.org:taxname:105818;;;;;;;;;;;;;;;;;valenciennes;;;;;
e3c4eb5b-fbb4-4408-8217-b88565e0c65c;705770e5-3474-4e69-be8b-3107a0c5610a;-110;20;;;;;Sphyrna tudes;Sphyrna tudes;;;;{no_depth};f;f;111436;2654;25.73;34.34;1;0;0;0;Species;105818;CR;Biota;;Animalia;;;Chordata;;;Vertebrata;Gnathostomata;Chondrichthyes;;;;Elasmobranchii;Neoselachii;Selachii;;Galeomorphi;Carcharhiniformes;;;;;Sphyrnidae;;;;;Sphyrna;;;;;Sphyrna tudes;;;;;;;;;;;;;;;;;;MNHN;IC;;;PreservedSpecimen;;;;;;1900-0116;;;inconnu;;;;;;;;;;;;;;;;;;;;;;;;;;;;;;;;;;;;;;;;;;;;;;;pacifique;;;mexique;;;;;;;;;;;;;;;;;;;;;;;;;;;;;;;;;;;;;;;;;;;;;;;;;;;;;;;;;;;;urn:lsid:marinespecies.org:taxname:105818;;;;;;;;;;;;;;;;;valenciennes;;;;;
25002c23-c8af-40b9-a923-4cfd558c6bec;705770e5-3474-4e69-be8b-3107a0c5610a;7.267000198;43.70000076;;;;;Sphyrna tudes;Sphyrna tudes;;;;{no_depth,on_land};f;f;-616;-24;18.48;38.11;1;0;0;0;Species;105818;CR;Biota;;Animalia;;;Chordata;;;Vertebrata;Gnathostomata;Chondrichthyes;;;;Elasmobranchii;Neoselachii;Selachii;;Galeomorphi;Carcharhiniformes;;;;;Sphyrnidae;;;;;Sphyrna;;;;;Sphyrna tudes;;;;;;;;;;;;;;;;;;MNHN;IC;;;PreservedSpecimen;;;;;;0000-1049;;;risso;;;;;;;;;;;;;;;;;;;;;;;;;;;;;;;;;;;;;;;;;;;;;;;atlantique;;;France;;;;;;;;;;;;;;;;;;;;;;;;;;;;;;;;;;;;;;;;;;;;;;;;;;;mc eachran et sǸret;;;;;;;;;urn:lsid:marinespecies.org:taxname:105818;;;;;;;;;;;;;;;;;valenciennes;;;;;
4e7cb14c-210f-4ebb-a8cc-3f691a4c0d77;705770e5-3474-4e69-be8b-3107a0c5610a;-16.85000038;14.14999962;;;;;Sphyrna tudes;Sphyrna tudes;;;;{no_depth};f;f;1377;2;24.45;34.2;1;0;0;0;Species;105818;CR;Biota;;Animalia;;;Chordata;;;Vertebrata;Gnathostomata;Chondrichthyes;;;;Elasmobranchii;Neoselachii;Selachii;;Galeomorphi;Carcharhiniformes;;;;;Sphyrnidae;;;;;Sphyrna;;;;;Sphyrna tudes;;;;;;;;;;;;;;;;;;MNHN;IC;;;PreservedSpecimen;;;;;;ab-0235;;;cadenat;;;;;;;;;;;;;;;;;;;;;;;;;;;;;;;;;;;;;;;;;;;;;;;atlantique;;;SǸnǸgal;;;;;;;;;;;;;;;;;;;;;;;;;;;;;;;;;;;;;;;;;;;;;;;;;;;;;;;;;;;;urn:lsid:marinespecies.org:taxname:105818;;;;;;;;;;;;;;;;;valenciennes;;;;;
2eaed9f9-1e91-4a8e-a2b7-5c098452f6d5;705770e5-3474-4e69-be8b-3107a0c5610a;-52.13299942;4.916999817;;;;;Sphyrna tudes;Sphyrna tudes;;;;{no_depth};f;f;4462;7;27.8;24.62;1;0;0;0;Species;105818;CR;Biota;;Animalia;;;Chordata;;;Vertebrata;Gnathostomata;Chondrichthyes;;;;Elasmobranchii;Neoselachii;Selachii;;Galeomorphi;Carcharhiniformes;;;;;Sphyrnidae;;;;;Sphyrna;;;;;Sphyrna tudes;;;;;;;;;;;;;;;;;;MNHN;IC;;;PreservedSpecimen;;;;;;0000-1019;;;leblond;;;;;;;;;;;;;;;;;;;;;;;;;;;;;;;;;;;;;;;;;;;;;;;atlantique;;;Guyane franaise;;;;;;;;;;;;;;;;;;;;;;;;;;;;;;;;;;;;;;;;;;;;;;;;;;;mc eachran et sǸret;;;;;;;;;urn:lsid:marinespecies.org:taxname:105818;;;;;;;;;;;;;;;;;valenciennes;;;;;
01589cd2-f268-4e7a-80ad-2035fe20e3b3;705770e5-3474-4e69-be8b-3107a0c5610a;112.5;12.5;;;;;Sphyrna tudes;Sphyrna tudes;;;;{no_depth};f;f;231975;4248;28.37;32.68;1;0;0;0;Species;105818;CR;Biota;;Animalia;;;Chordata;;;Vertebrata;Gnathostomata;Chondrichthyes;;;;Elasmobranchii;Neoselachii;Selachii;;Galeomorphi;Carcharhiniformes;;;;;Sphyrnidae;;;;;Sphyrna;;;;;Sphyrna tudes;;;;;;;;;;;;;;;;;;MNHN;IC;;;PreservedSpecimen;;;;;;1987-1305;;;d'aubenton;;;;;;;;;;;;;;;;;;;;;;;;;;;;;;;;;;;;;;;;;;;;;;;pacifique;;;Cambodge;;;;;;;;;;;;;;;;;;;;;;;;;;;;;;;;;;;;;;;;;;;;;;;;;;;sǸret;;;;;;;;;urn:lsid:marinespecies.org:taxname:105818;;;;;;;;;;;;;;;;;valenciennes;;;;;
df8775bf-f7b3-4b2e-8e7b-cd781df7c245;36fbc01b-72bd-42f0-af0a-e1701cddcf94;7.267;43.7;;;;;Sphyrna tudes;Sphyrna tudes;;;1;{no_depth,on_land};f;f;-615;37;18.48;38.11;1;0;0;0;Species;105818;CR;Biota;;Animalia;;;Chordata;;;Vertebrata;Gnathostomata;Chondrichthyes;;;;Elasmobranchii;Neoselachii;Selachii;;Galeomorphi;Carcharhiniformes;;;;;Sphyrnidae;;;;;Sphyrna;;;;;Sphyrna tudes;;;;;;;Collection;;;CC BY 4.0;MNHN;;;;;8;;MNHN;IC;;;PreservedSpecimen;;;;;FN2-56804197-8-MNHN;0000-1049;;FN2-56804197-8-MNHN;risso;;1;;;;;;;;present;;;;;;;;;;;;;;;;;;;;;0000-00-00;;;;;;;;;;;;;;;;;;;france;;;;;nice;;;;;;;;;;;;;;;;;;;;;;;;;;;;;;;;;;;;;;;;;;;;;;;;;;;;;;;urn:lsid:marinespecies.org:taxname:105818;;;;;;;;;;;;;;;;;;;;;;
8e3ceff2-10dc-4a97-9295-43910bee7b73;36fbc01b-72bd-42f0-af0a-e1701cddcf94;-110;20;;;;;Sphyrna tudes;Sphyrna tudes;;;10;{no_depth};f;f;111436;2654;25.73;34.34;1;0;0;0;Species;105818;CR;Biota;;Animalia;;;Chordata;;;Vertebrata;Gnathostomata;Chondrichthyes;;;;Elasmobranchii;Neoselachii;Selachii;;Galeomorphi;Carcharhiniformes;;;;;Sphyrnidae;;;;;Sphyrna;;;;;Sphyrna tudes;;;;;;;Collection;;;CC BY 4.0;MNHN;;;;;8;;MNHN;IC;;;PreservedSpecimen;;;;;FN2-56832266-8-MNHN;1900-0116;;FN2-56832266-8-MNHN;inconnu;;1;;;;;;;;present;;;;;;;;;;;;;;;;;;;;;0000-00-00;;;;;;;;;;;;;;;;;;;golfe de californie;;;;;;;;;;;;;;;;;;;;;;;;;;;;;;;;;;;;;;;;;;;;;;;;;;;;;;;;;;;;urn:lsid:marinespecies.org:taxname:105818;;;;;;;;;;;;;;;;;;;;;;
4078c5cb-b765-4dae-a2b8-d92f9911c9b5;36fbc01b-72bd-42f0-af0a-e1701cddcf94;112.5;12.5;;;;;Sphyrna tudes;Sphyrna tudes;;;10;{no_depth};f;f;231975;4248;28.37;32.68;1;0;0;0;Species;105818;CR;Biota;;Animalia;;;Chordata;;;Vertebrata;Gnathostomata;Chondrichthyes;;;;Elasmobranchii;Neoselachii;Selachii;;Galeomorphi;Carcharhiniformes;;;;;Sphyrnidae;;;;;Sphyrna;;;;;Sphyrna tudes;;;;;;;Collection;;;CC BY 4.0;MNHN;;;;;8;;MNHN;IC;;;PreservedSpecimen;;;;;FN2-56835119-8-MNHN;1987-1305;;FN2-56835119-8-MNHN;d'aubenton;;2;;;;;;;;present;;;;;;;;;;;;;;;;;;;;;1964-00-00;;;;;;;;;;;;;;;;;;;cambodge;;;;;;;;;;;;;;;;;;;;;;;;;;;;;;;;;;;;;;;;;;;;;;;;;;;;;;;;;;;;urn:lsid:marinespecies.org:taxname:105818;;;;;;;;;;;;;;;;;;;;;;
d4fa0425-abdc-4c3e-b0a3-f40a4022431d;4d6cd31a-4559-4fd3-beff-4d47f5e2ee86;-72.66999817;11.80000019;0;15724800000;31449600000;1970;Sphyrna tudes;Sphyrna tudes;;;;{NO_DEPTH};f;f;9217;6;26.74;36.36;1;0;0;0;Species;105818;CR;Biota;;Animalia;;;Chordata;;;Vertebrata;Gnathostomata;Chondrichthyes;;;;Elasmobranchii;Neoselachii;Selachii;;Galeomorphi;Carcharhiniformes;;;;;Sphyrnidae;;;;;Sphyrna;;;;;Sphyrna tudes;;;;;;;;21/12/2006 00:00;;;;;Duarte, Luis O & Garcia, Camilo B (eds.) Colombian Caribbean Sea 1970-2001;;;;;;;;;;;;;;;;;;;;;;;;;;;;;;;;;;;;;;;;;;;;;;;;;;;;;;;;;;;;;;;;;;;;;;;;;;;;;;;;;;;;;;;;;;;;;;;;;;;;;;;;;;;;;;;;;;;;;;;;;;;;;;;;;;;;;;;;;;;;;;;;;;;;;;
31a0382b-4792-4c6c-889c-047259268974;4d6cd31a-4559-4fd3-beff-4d47f5e2ee86;-72.55999756;12;5.68E+11;5.84E+11;6.00E+11;1988;Sphyrna tudes;Sphyrna tudes;;;;{NO_DEPTH};f;f;25321;63;26.6;36.42;1;0;0;0;Species;105818;CR;Biota;;Animalia;;;Chordata;;;Vertebrata;Gnathostomata;Chondrichthyes;;;;Elasmobranchii;Neoselachii;Selachii;;Galeomorphi;Carcharhiniformes;;;;;Sphyrnidae;;;;;Sphyrna;;;;;Sphyrna tudes;;;;;;;;21/12/2006 00:00;;;;;Duarte, Luis O & Garcia, Camilo B (eds.) Colombian Caribbean Sea 1970-2001;;;;;;;;;;;;;;;;;;;;;;;;;;;;;;;;;;;;;;;;;;;;;;;;;;;;;;;;;;;;;;;;;;;;;;;;;;;;;;;;;;;;;;;;;;;;;;;;;;;;;;;;;;;;;;;;;;;;;;;;;;;;;;;;;;;;;;;;;;;;;;;;;;;;;;
e812bdf5-7774-40a4-b995-097a5127a5ea;9f1a9d1c-833e-4fbc-9ecf-1918c7a8b699;-99.9667;16.9167;-2.81E+11;-2.81E+11;-2.81E+11;1961;Sphyrna tudes;Sphyrna tudes;;;;{NO_DEPTH,ON_LAND};f;f;-1882;-5;;;1;0;0;0;Species;105818;CR;Biota;;Animalia;;;Chordata;;;Vertebrata;Gnathostomata;Chondrichthyes;;;;Elasmobranchii;Neoselachii;Selachii;;Galeomorphi;Carcharhiniformes;;;;;Sphyrnidae;;;;;Sphyrna;;;;;Sphyrna tudes;;;;;;;PhysicalObject;28/05/2021 20:37;en;http://creativecommons.org/licenses/by/4.0/legalcode;Canadian Museum of Nature;;(CMNFI 1968-1375.1);;http://biocol.org/urn:lsid:biocol.org:col:34935;http://grbio.org/cool/fpjs-vpys;https://doi.org/10.15468/va0trp;CMN;CMNFI;Fish;;PreservedSpecimen;;;;;94e925ba-d8ca-8ca4-fdb3-9a09ed96ca32;CMNFI 1968-1375.1;;;Briggs, J.C.;;1;;;;;;;;;fluid;;;;;;;;;;;;;;;;;;;;06/02/1961;;;;;;;06/02/1961;;;;;CMNFI 1968-1375;;;;;;;Mexico;;Guerrero (State);;;Acapulco fish market;;;;;;;;;;;16 55 00 N;099 58 00 W;;;;;;;;;;;;;;;;;;;;;;;;;;;;;;;;;;;;;;;;;;;;;;;;;;;;;;;;Animalia;;;;;;;;;
a46f85f9-6ced-4c8b-b9fa-f20d97f98944;9f1a9d1c-833e-4fbc-9ecf-1918c7a8b699;-79.5667;8.8;-3.34E+11;-3.34E+11;-3.34E+11;1959;Sphyrna tudes;Sphyrna tudes;;;;{NO_DEPTH,ON_LAND};f;f;-229;13;27.58;31.04;1;0;0;0;Species;105818;CR;Biota;;Animalia;;;Chordata;;;Vertebrata;Gnathostomata;Chondrichthyes;;;;Elasmobranchii;Neoselachii;Selachii;;Galeomorphi;Carcharhiniformes;;;;;Sphyrnidae;;;;;Sphyrna;;;;;Sphyrna tudes;;;;;;;PhysicalObject;28/05/2021 20:43;en;http://creativecommons.org/licenses/by/4.0/legalcode;Canadian Museum of Nature;;(CMNFI 1968-1184.1);;http://biocol.org/urn:lsid:biocol.org:col:34935;http://grbio.org/cool/fpjs-vpys;https://doi.org/10.15468/va0trp;CMN;CMNFI;Fish;;PreservedSpecimen;;;;;ec39b767-0e7b-e7b4-e890-07f6469be14e;CMNFI 1968-1184.1;;;Johannes, R.E.;;1;;;;;;;;;fluid;;;;;;;;;;;;;;;;;;;;03/06/1959;;;;;;;03/06/1959;;;;;CMNFI 1968-1184;;;;;;;Panama;;Panama Prov.;Taboga I.;;Bahia de Panama;;;;;;;;;;;08 48  N;079 34 00 W;;;;;;;;;;;;;;;;;;;;;;;;;;;;;;;;;;;;;;;;;;;;;;;;;;;;;;;;Animalia;;;;;;;;;
