gbifID;datasetKey;occurrenceID;kingdom;phylum;class;order;family;genus;species;infraspecificEpithet;taxonRank;scientificName;verbatimScientificName;verbatimScientificNameAuthorship;countryCode;locality;stateProvince;occurrenceStatus;individualCount;publishingOrgKey;decimalLatitude;decimalLongitude;coordinateUncertaintyInMeters;coordinatePrecision;elevation;elevationAccuracy;depth;depthAccuracy;eventDate;day;month;year;taxonKey;speciesKey;basisOfRecord;institutionCode;collectionCode;catalogNumber;recordNumber;identifiedBy;dateIdentified;license;rightsHolder;recordedBy;typeStatus;establishmentMeans;lastInterpreted;mediaType;issue;;;;;;;
3426470938;5d6c10bd-ea31-4363-8b79-58c96d859f5b;urn:catalog:CAS:SU(ICH):52875;Animalia;Chordata;Elasmobranchii;Carcharhiniformes;Sphyrnidae;Sphyrna;Sphyrna tudes;;SPECIES;Sphyrna tudes (Valenciennes; 1822);Sphyrna tudes;;BR;Santos; litoral de Sao Paulo.;Sao Paulo;PRESENT;-23.988901;-46.342946;;;15000;;;;;;1944-05-06T00:00:00;6;5;1944;2418813;2418813;PRESERVED_SPECIMEN;CAS;SU(ICH);52875;;Compagno; L. J. V.;;CC0_1_0;;;;;2022-01-11T23:36:48.075Z;;GEODETIC_DATUM_ASSUMED_WGS84;;;;
3351177514;d8cd16ba-bb74-4420-821e-083f2bac17c2;MF740888;Animalia;Chordata;Elasmobranchii;Carcharhiniformes;Sphyrnidae;Sphyrna;Sphyrna tudes;;SPECIES;Sphyrna tudes (Valenciennes; 1822);Sphyrna tudes;;BR;;;PRESENT;;-2.76;-42.27;;;;;;;;2015-09-12T00:00:00;12;9;2015;2418813;2418813;MATERIAL_SAMPLE;;;;;;;CC_BY_4_0;;L. Feitosa;;;2021-12-02T15:34:07.301Z;;GEODETIC_DATUM_ASSUMED_WGS84;;;;;;
3351156428;d8cd16ba-bb74-4420-821e-083f2bac17c2;MF686572;Animalia;Chordata;Elasmobranchii;Carcharhiniformes;Sphyrnidae;Sphyrna;Sphyrna tudes;;SPECIES;Sphyrna tudes (Valenciennes; 1822);Sphyrna tudes;;BR;;;PRESENT;;0.9;-52;;;;;;;;2007-01-01T00:00:00;1;1;2007;2418813;2418813;MATERIAL_SAMPLE;;;;;;;CC_BY_4_0;;L. Rodrigues;;;2021-12-02T15:34:07.162Z;;GEODETIC_DATUM_ASSUMED_WGS84;;;;;;
3346500815;d8cd16ba-bb74-4420-821e-083f2bac17c2;FJ519524;Animalia;Chordata;Elasmobranchii;Carcharhiniformes;Sphyrnidae;Sphyrna;Sphyrna tudes;;SPECIES;Sphyrna tudes (Valenciennes; 1822);Sphyrna tudes;;TT;;;PRESENT;;;;;;;;;;;2002-07-16T00:00:00;16;7;2002;2418813;2418813;PRESERVED_SPECIMEN;;;SOSSRC:Sphyrna tudes OC-1;;;;CC_BY_4_0;;;;;2021-12-02T15:33:28.730Z;;;;;;;;
3025807827;8138eb72-f762-11e1-a439-00145eb45e9a;https://darwin.naturalsciences.be/uri/object/e76c0f45-b7a8-4ef7-a9f5-2e8b004bd3ae;Animalia;Chordata;Elasmobranchii;Carcharhiniformes;Sphyrnidae;Sphyrna;Sphyrna tudes;;SPECIES;Sphyrna tudes (Valenciennes; 1822);Sphyrna tudes (Valenciennes; 1822);(Valenciennes; 1822);US;;;;;;;;;;;;;;;;;;2418813;2418813;PRESERVED_SPECIMEN;RBINS-Scientific Heritage;urn:catalog:RBINS:pisc;59C;;;;CC_BY_NC_4_0;Royal Belgian Institute of Natural Sciences;Zoological Research Supply; Englewood;;;2021-12-02T09:31:43.189Z;;TYPE_STATUS_INVALID;;;
3024439308;b93edff8-66e2-43d5-9020-3f6a6379c3ed;https://darwin.naturalsciences.be/uri/object/e76c0f45-b7a8-4ef7-a9f5-2e8b004bd3ae;Animalia;Chordata;Elasmobranchii;Carcharhiniformes;Sphyrnidae;Sphyrna;Sphyrna tudes;;SPECIES;Sphyrna tudes (Valenciennes; 1822);Sphyrna tudes (Valenciennes; 1822);(Valenciennes; 1822);US;;;;;;;;;;;;;;;;;;2418813;2418813;PRESERVED_SPECIMEN;RBINS-Scientific Heritage;urn:catalog:RBINS:pisc;59C;;;;CC_BY_NC_4_0;Royal Belgian Institute of Natural Sciences;Zoological Research Supply; Englewood;;;2021-12-02T09:44:42.802Z;;TYPE_STATUS_INVALID;;;
2973815903;c0e8647d-dd4b-4300-8ad1-8c362fb21d75;BRA:UNICAMP:ZUEC-PIS:3305;Animalia;Chordata;Elasmobranchii;Carcharhiniformes;Sphyrnidae;Sphyrna;Sphyrna tudes;;SPECIES;Sphyrna tudes (Valenciennes; 1822);Sphyrna tudes;;BR;Praia do Degredo;Espírito Santo;PRESENT;;-19.216667;-39.683333;;;;;;;;1990-02-01T00:00:00;1;2;1990;2418813;2418813;PRESERVED_SPECIMEN;UNICAMP;ZUEC-PIS;3305;;;;CC_BY_NC_4_0;ZUEC-PIS - Coleção de Peixes do Museu de Zoologia da UNICAMP;V. H. Gasparini;;;2022-01-03T12:19:41.614Z;;COORDINATE_ROUNDED;;;;;;
2831946822;19828488-7ebf-43f8-88af-6461d8afef9e;https://data.biodiversitydata.nl/naturalis/specimen/RMNH.PISC.38126;Animalia;Chordata;Elasmobranchii;Carcharhiniformes;Sphyrnidae;Sphyrna;Sphyrna tudes;;SPECIES;Sphyrna tudes (Valenciennes; 1822);Sphyrna tudes (Valenciennes; 1822);(Valenciennes; 1822);SR;Continental shelf;;;;;;;;;;;;;1966-06-29T00:00:00;29;6;1966;2418813;2418813;PRESERVED_SPECIMEN;;Pisces;RMNH.PISC.38126;;;;CC0_1_0;Naturalis Biodiversity Center;W. Vervoort;;;2021-12-13T04:52:34.640Z;;OCCURRENCE_STATUS_INFERRED_FROM_INDIVIDUAL_COUNT;;;;
2831945729;19828488-7ebf-43f8-88af-6461d8afef9e;https://data.biodiversitydata.nl/naturalis/specimen/RMNH.PISC.34871;Animalia;Chordata;Elasmobranchii;Carcharhiniformes;Sphyrnidae;Sphyrna;Sphyrna tudes;;SPECIES;Sphyrna tudes (Valenciennes; 1822);Sphyrna tudes (Valenciennes; 1822);(Valenciennes; 1822);SR;10 miles E. and 5 miles W. of the lightschip.;;;;;;;;;;;;;1971-04-28T00:00:00;28;4;1971;2418813;2418813;PRESERVED_SPECIMEN;;Pisces;RMNH.PISC.34871;;;;CC0_1_0;Naturalis Biodiversity Center;P. Staffeleu;;;2021-12-13T04:52:32.731Z;StillImage;OCCURRENCE_STATUS_INFERRED_FROM_INDIVIDUAL_COUNT;;;;
2831937036;19828488-7ebf-43f8-88af-6461d8afef9e;https://data.biodiversitydata.nl/naturalis/specimen/RMNH.PISC.16170;Animalia;Chordata;Elasmobranchii;Carcharhiniformes;Sphyrnidae;Sphyrna;Sphyrna tudes;;SPECIES;Zygaena tudes Valenciennes;1822;Zygaena tudes Cuvier;Cuvier;SR;;;PRESENT;1;;;;;;;;;;;;;;5215655;2418813;PRESERVED_SPECIMEN;;Pisces;RMNH.PISC.16170;;;;CC0_1_0;Naturalis Biodiversity Center;;;;2021-12-13T04:52:32.528Z;;OCCURRENCE_STATUS_INFERRED_FROM_INDIVIDUAL_COUNT;;;;;;
2831934494;19828488-7ebf-43f8-88af-6461d8afef9e;https://data.biodiversitydata.nl/naturalis/specimen/RMNH.PISC.4210;Animalia;Chordata;Elasmobranchii;Carcharhiniformes;Sphyrnidae;Sphyrna;Sphyrna tudes;;SPECIES;Sphyrna tudes (Valenciennes; 1822);Sphyrna tudes (Valenciennes; 1822);(Valenciennes; 1822);SR;;;;;;;;;;;;;;;;;;2418813;2418813;PRESERVED_SPECIMEN;;Pisces;RMNH.PISC.4210;;;;CC0_1_0;Naturalis Biodiversity Center;;;;2021-12-13T04:52:34.532Z;;OCCURRENCE_STATUS_INFERRED_FROM_INDIVIDUAL_COUNT;;;;
2831921690;19828488-7ebf-43f8-88af-6461d8afef9e;https://data.biodiversitydata.nl/naturalis/specimen/RMNH.PISC.34062;Animalia;Chordata;Elasmobranchii;Carcharhiniformes;Sphyrnidae;Sphyrna;Sphyrna tudes;;SPECIES;Sphyrna tudes (Valenciennes; 1822);Sphyrna tudes (Valenciennes; 1822);(Valenciennes; 1822);SR;"Between 10 miles E and 5 miles W of lightship ""Suriname Rivier""";;;;;;;;;;;;;1971-04-28T00:00:00;28;4;1971;2418813;2418813;PRESERVED_SPECIMEN;;Pisces;RMNH.PISC.34062;;M.J.P. van Oijen;2001-02-01T00:00:00;CC0_1_0;Naturalis Biodiversity Center;P. Staffeleu;;;2021-12-13T04:52:35.762Z;;OCCURRENCE_STATUS_INFERRED_FROM_INDIVIDUAL_COUNT;;;;
2831916143;19828488-7ebf-43f8-88af-6461d8afef9e;https://data.biodiversitydata.nl/naturalis/specimen/RMNH.PISC.18266;Animalia;Chordata;Elasmobranchii;Carcharhiniformes;Sphyrnidae;Sphyrna;Sphyrna tudes;;SPECIES;Sphyrna tudes (Valenciennes; 1822);Sphyrna tudes (Valenciennes; 1822);(Valenciennes; 1822);SR;Coppename Point;;;;;;;;;;;;;1948-01-01T00:00:00;1;1;1948;2418813;2418813;PRESERVED_SPECIMEN;;Pisces;RMNH.PISC.18266;;M. Boeseman;1948-01-12T00:00:00;CC0_1_0;Naturalis Biodiversity Center;D.C. Geijskes;;;2021-12-13T04:52:31.977Z;;OCCURRENCE_STATUS_INFERRED_FROM_INDIVIDUAL_COUNT;;;;
2802250192;e87e0415-bdb2-45eb-8954-b6b4454e1852;FBIP:IZIKO:MB-F039277;Animalia;Chordata;Elasmobranchii;Carcharhiniformes;Sphyrnidae;Sphyrna;Sphyrna tudes;;SPECIES;Sphyrna tudes (Valenciennes; 1822);;;SR;Off Paramaribo; Suriname;;PRESENT;;;;;;;;;;;;;;;2418813;2418813;PRESERVED_SPECIMEN;;;MB-F039277;;;;CC_BY_4_0;;;;;2021-12-02T13:18:55.066Z;;;;;;;
2432808682;19828488-7ebf-43f8-88af-6461d8afef9e;https://data.biodiversitydata.nl/naturalis/specimen/ZMA.PISC.112241;Animalia;Chordata;Elasmobranchii;Carcharhiniformes;Sphyrnidae;Sphyrna;Sphyrna tudes;;SPECIES;Sphyrna tudes (Valenciennes; 1822);Sphyrna tudes;;SR;Coast off Corantijn River;;PRESENT;1;6.25;-56.75;;;;;;;;1968-09-25T00:00:00;25;9;1968;2418813;2418813;PRESERVED_SPECIMEN;;Pisces;ZMA.PISC.112241;;Nijssen H.;;CC0_1_0;Naturalis Biodiversity Center;L.J.K. Kleyn;;;2021-12-13T04:52:31.711Z;;OCCURRENCE_STATUS_INFERRED_FROM_INDIVIDUAL_COUNT;;;;;;
2432807680;19828488-7ebf-43f8-88af-6461d8afef9e;https://data.biodiversitydata.nl/naturalis/specimen/ZMA.PISC.112242;Animalia;Chordata;Elasmobranchii;Carcharhiniformes;Sphyrnidae;Sphyrna;Sphyrna tudes;;SPECIES;Sphyrna tudes (Valenciennes; 1822);Sphyrna tudes;;SR;Coast;;PRESENT;2;396d5f30-dea9-11db-8ab4-b8a03c50a862;;;;;;;;;;;;;2418813;2418813;PRESERVED_SPECIMEN;;Pisces;ZMA.PISC.112242;;Nijssen H.;;CC0_1_0;Naturalis Biodiversity Center;;;;2021-12-13T04:52:33.002Z;;OCCURRENCE_STATUS_INFERRED_FROM_INDIVIDUAL_COUNT;;;;;;
2432806684;19828488-7ebf-43f8-88af-6461d8afef9e;https://data.biodiversitydata.nl/naturalis/specimen/ZMA.PISC.112240;Animalia;Chordata;Elasmobranchii;Carcharhiniformes;Sphyrnidae;Sphyrna;Sphyrna tudes;;SPECIES;Sphyrna tudes (Valenciennes; 1822);Sphyrna tudes (Valenciennes; 1822);(Valenciennes; 1822);SR;Coast of Cornantijn river;;6.25;-56.75;;;;;;;;;;1968-09-25T00:00:00;25;9;1968;2418813;2418813;PRESERVED_SPECIMEN;;Pisces;ZMA.PISC.112240;;Nijssen H.;;CC0_1_0;Naturalis Biodiversity Center;L.J.K. Kleyn;;;2021-12-13T04:52:32.192Z;;OCCURRENCE_STATUS_INFERRED_FROM_INDIVIDUAL_COUNT;;;;
2432736058;19828488-7ebf-43f8-88af-6461d8afef9e;https://data.biodiversitydata.nl/naturalis/specimen/ZMA.PISC.106184;Animalia;Chordata;Elasmobranchii;Carcharhiniformes;Sphyrnidae;Sphyrna;Sphyrna tudes;;SPECIES;Sphyrna tudes (Valenciennes; 1822);Spyhrna tudes (Valenciennes; 1822);(Valenciennes; 1822);SR;"Kust, ca. 8 mijl ten Noord Westen van het lichtschip in de monding van de Suriname rivier. Trawl ""Coquette""";;;;;;;;;;;;;1967-06-06T00:00:00;6;6;1967;2418813;2418813;PRESERVED_SPECIMEN;;Pisces;ZMA.PISC.106184;;Nijssen H.;;CC0_1_0;Naturalis Biodiversity Center;H. Nijssen;;;2021-12-13T04:52:31.107Z;;TAXON_MATCH_FUZZY;;;;
2432734069;19828488-7ebf-43f8-88af-6461d8afef9e;https://data.biodiversitydata.nl/naturalis/specimen/ZMA.PISC.106183;Animalia;Chordata;Elasmobranchii;Carcharhiniformes;Sphyrnidae;Sphyrna;Sphyrna tudes;;SPECIES;Sphyrna bigelowi Springer;1944;Sphyrna bigelowi;;SR;Riviermonding van de surinamerivier ten Oosten van het Lichtschip.;;PRESENT;1;;;;;;;;;;1966-09-06T00:00:00;6;9;1966;2418821;2418813;PRESERVED_SPECIMEN;;Pisces;ZMA.PISC.106183;;Nijssen H.;;CC0_1_0;Naturalis Biodiversity Center;H. Nijssen;;;2021-12-13T04:52:30.775Z;;OCCURRENCE_STATUS_INFERRED_FROM_INDIVIDUAL_COUNT;;;;;;
2251216537;040c5662-da76-4782-a48e-cdea1892d14c;http://bins.boldsystems.org/index.php/Public_RecordView?processid=PHANT286-08;Animalia;Chordata;Elasmobranchii;Carcharhiniformes;Sphyrnidae;Sphyrna;Sphyrna tudes;;UNRANKED;BOLD:AAE9151;BOLD:AAE9151;;TT;Manzanilla Bay;;PRESENT;;b3bf3a83-1f68-4541-a03f-330d30d567f5;;;;;;;;;;;;;10227616;2418813;MATERIAL_SAMPLE;;;;;;;CC_BY_4_0;Barcode of Life Datasystems;;;;2021-12-01T17:18:46.231Z;;;;;;;;;
2251216280;040c5662-da76-4782-a48e-cdea1892d14c;http://bins.boldsystems.org/index.php/Public_RecordView?processid=PHANT287-08;Animalia;Chordata;Elasmobranchii;Carcharhiniformes;Sphyrnidae;Sphyrna;Sphyrna tudes;;UNRANKED;BOLD:AAE9151;BOLD:AAE9151;;TT;Manzanilla Bay;;PRESENT;;b3bf3a83-1f68-4541-a03f-330d30d567f5;;;;;;;;;;;;;10227616;2418813;MATERIAL_SAMPLE;;;;;;;CC_BY_4_0;Barcode of Life Datasystems;;;;2021-12-01T17:19:43.323Z;;;;;;;;;
2250739977;040c5662-da76-4782-a48e-cdea1892d14c;http://bins.boldsystems.org/index.php/Public_RecordView?processid=KERRI069-08;Animalia;Chordata;Elasmobranchii;Carcharhiniformes;Sphyrnidae;Sphyrna;Sphyrna tudes;;UNRANKED;BOLD:AAE9151;BOLD:AAE9151;;TT;;;PRESENT;;b3bf3a83-1f68-4541-a03f-330d30d567f5;;;;;;;;;;;;;10227616;2418813;MATERIAL_SAMPLE;;;;;;;CC_BY_4_0;Barcode of Life Datasystems;Mervyn Guevana & Gavin;;;2021-12-01T17:18:43.395Z;;;;;;;;;
2249128795;040c5662-da76-4782-a48e-cdea1892d14c;http://bins.boldsystems.org/index.php/Public_RecordView?processid=EWHHS123-06;Animalia;Chordata;Elasmobranchii;Carcharhiniformes;Sphyrnidae;Sphyrna;Sphyrna tudes;;UNRANKED;BOLD:AAE9151;BOLD:AAE9151;;TT;South Coast;;PRESENT;;b3bf3a83-1f68-4541-a03f-330d30d567f5;;;;;;;;;2002-07-16T00:00:00;16;7;2002;10227616;2418813;MATERIAL_SAMPLE;;;SOSFSC:Sphyrna tudes OC-1;;;;CC_BY_4_0;Barcode of Life Datasystems;;;;2021-12-01T17:18:46.467Z;;;;;;;;;
2248560857;040c5662-da76-4782-a48e-cdea1892d14c;http://bins.boldsystems.org/index.php/Public_RecordView?processid=ANGBF16037-19;Animalia;Chordata;Elasmobranchii;Carcharhiniformes;Sphyrnidae;Sphyrna;Sphyrna tudes;;UNRANKED;BOLD:AAE9151;BOLD:AAE9151;;BR;;;PRESENT;;b3bf3a83-1f68-4541-a03f-330d30d567f5;0.9;-52;;;;;;;2007-01-01T00:00:00;1;1;2007;10227616;2418813;MATERIAL_SAMPLE;;;;;;;CC_BY_4_0;Barcode of Life Datasystems;;;;2021-12-01T17:19:54.637Z;;GEODETIC_DATUM_ASSUMED_WGS84;;;;;;;
1981063056;96419bea-f762-11e1-a439-00145eb45e9a;urn:uuid:f908abb2-1a12-48de-a054-b0420c1a06ca;Animalia;Chordata;Elasmobranchii;Carcharhiniformes;Sphyrnidae;Sphyrna;Sphyrna tudes;;SPECIES;Sphyrna tudes (Valenciennes; 1822);Sphyrna tudes;(Valenciennes; 1822);MX;;Baja California Norte;PRESENT;28.444867;-112.872786;;;2372;;;;;;1926-05-09T00:00:00;9;5;1926;2418813;2418813;PRESERVED_SPECIMEN;YPM;VZ;YPM ICH 001001;;Charles M. Breder;;CC0_1_0;Yale Peabody Museum of Natural History;R/V Pawnee II; R/V Pawnee II;;;2021-12-21T14:45:18.195Z;;OCCURRENCE_STATUS_INFERRED_FROM_INDIVIDUAL_COUNT;;;;
1981055945;96419bea-f762-11e1-a439-00145eb45e9a;urn:uuid:c4f31444-e88c-4417-a0cd-1cabf734ff89;Animalia;Chordata;Elasmobranchii;Carcharhiniformes;Sphyrnidae;Sphyrna;Sphyrna tudes;;SPECIES;Sphyrna tudes (Valenciennes; 1822);Sphyrna tudes;(Valenciennes; 1822);MX;;Baja California Norte;PRESENT;28.444867;-112.872786;;;2372;;;;;;1926-05-07T00:00:00;7;5;1926;2418813;2418813;PRESERVED_SPECIMEN;YPM;VZ;YPM ICH 001124;;Charles M. Breder;;CC0_1_0;Yale Peabody Museum of Natural History;R/V Pawnee II; R/V Pawnee II;;;2021-12-21T14:45:19.592Z;;OCCURRENCE_STATUS_INFERRED_FROM_INDIVIDUAL_COUNT;;;;
1981051860;96419bea-f762-11e1-a439-00145eb45e9a;urn:uuid:a295f0f3-9f3c-488b-b4e6-e8285be8a88e;Animalia;Chordata;Elasmobranchii;Carcharhiniformes;Sphyrnidae;Sphyrna;Sphyrna tudes;;SPECIES;Sphyrna tudes (Valenciennes; 1822);Sphyrna tudes;(Valenciennes; 1822);MX;eastern Pacific off Mexico or Central America;;PRESENT;;;;;;;;;;;1926-01-01T00:00:00;;;1926;2418813;2418813;PRESERVED_SPECIMEN;YPM;VZ;YPM ICH 001008;;Charles M. Breder;;CC0_1_0;Yale Peabody Museum of Natural History;R/V Pawnee II; R/V Pawnee II;;;2021-12-21T14:45:19.288Z;;OCCURRENCE_STATUS_INFERRED_FROM_INDIVIDUAL_COUNT;;;;
1981037859;96419bea-f762-11e1-a439-00145eb45e9a;urn:uuid:2f2406c6-cb74-42ce-9a99-8c617515e731;Animalia;Chordata;Elasmobranchii;Carcharhiniformes;Sphyrnidae;Sphyrna;Sphyrna tudes;;SPECIES;Sphyrna tudes (Valenciennes; 1822);Sphyrna tudes;(Valenciennes; 1822);MX;eastern Pacific off Mexico or Central America;;PRESENT;;;;;;;;;;;1926-01-01T00:00:00;;;1926;2418813;2418813;PRESERVED_SPECIMEN;YPM;VZ;YPM ICH 001123;;Charles M. Breder;;CC0_1_0;Yale Peabody Museum of Natural History;R/V Pawnee II; R/V Pawnee II;;;2021-12-21T14:45:17.735Z;;OCCURRENCE_STATUS_INFERRED_FROM_INDIVIDUAL_COUNT;;;;
1889058270;59825263-9f89-43a9-8f22-c22a6a53b8fc;4c0e3350-4329-4746-af03-62ef9763890a;Animalia;Chordata;Elasmobranchii;Carcharhiniformes;Sphyrnidae;Sphyrna;Sphyrna tudes;;SPECIES;Sphyrna tudes (Valenciennes; 1822);;;US;Off Englewood;Florida;PRESENT;;;;;;;;;;;;;;;2418813;2418813;PRESERVED_SPECIMEN;UMMZ;ummz_fish;155049;;;;CC_BY_4_0;;Bass Biol. Lab Staff;;;2022-01-14T17:46:25.370Z;;INSTITUTION_MATCH_FUZZY;;;;;;
1831405737;4bfac3ea-8763-4f4b-a71a-76a6f5f243d3;MCZ:Ich:172765;Animalia;Chordata;Elasmobranchii;Carcharhiniformes;Sphyrnidae;Sphyrna;Sphyrna tudes;;SPECIES;Sphyrna tudes (Valenciennes; 1822);Sphyrna tudes (Valenciennes; 1822);(Valenciennes; 1822);US;Englewood; off Stump Pass;26.899428;-82.339147;1;b4640710-8e03-11d8-b956-b8a03c50a862;;;1272;;;;;;;;;;2418813;2418813;PRESERVED_SPECIMEN;MCZ;Ich;172765;;Bottle Label(s);;CC_BY_NC_4_0;President and Fellows of Harvard College;[no agent data];;;2022-01-10T16:57:39.860Z;;OCCURRENCE_STATUS_INFERRED_FROM_INDIVIDUAL_COUNT;;;
1826319306;7e380070-f762-11e1-a439-00145eb45e9a;80d9630c-fdb1-40f2-8f80-18e594ec0726;Animalia;Chordata;Elasmobranchii;Carcharhiniformes;Sphyrnidae;Sphyrna;Sphyrna tudes;;SPECIES;Sphyrna tudes (Valenciennes; 1822);Sphyrna tudes (Valenciennes; 1822);Valenciennes;1822;US;Englewood;Florida;PRESENT;1;19456090-b49a-11d8-abeb-b8a03c50a862;;;;;;;;;;;;;2418813;2418813;PRESERVED_SPECIMEN;NHMUK;ZOO;2017.5.12.28;;;;CC0_1_0;;;;;2021-12-02T09:34:09.593Z;StillImage;COLLECTION_MATCH_NONE;;;;
1804015411;dc3bfd08-0141-45ae-9603-91ac50cdc33b;94e925ba-d8ca-8ca4-fdb3-9a09ed96ca32;Animalia;Chordata;Elasmobranchii;Carcharhiniformes;Sphyrnidae;Sphyrna;Sphyrna tudes;;SPECIES;Sphyrna tudes (Valenciennes; 1822);Sphyrna tudes;(Valenciennes; 1822);MX;Acapulco fish market;Guerrero (State);PRESENT;16.9167;-99.9667;;;;;;;;;1961-02-06T00:00:00;6;2;1961;2418813;2418813;PRESERVED_SPECIMEN;CMN;CMNFI;CMNFI 1968-1375.1;;;;CC_BY_4_0;Canadian Museum of Nature;Briggs; J.C.;;;2022-01-13T12:38:22.450Z;;GEODETIC_DATUM_ASSUMED_WGS84;;;;
1435462811;cb692845-d58d-4171-a544-bfbf6d93f1da;br:MN:MNRJ:537;Animalia;Chordata;Elasmobranchii;Carcharhiniformes;Sphyrnidae;Sphyrna;Sphyrna tudes;;SPECIES;Sphyrna tudes (Valenciennes; 1822);Sphyrna tudes;;BR;Rio de Janeiro; D.F.;Rio de Janeiro;PRESENT;;;;;;;;;;;;;;;2418813;2418813;PRESERVED_SPECIMEN;Museu Nacional/UFRJ;Coleção Ictiológica do Museu Nacional (MNRJ);537;;A.M.Ribeiro;;CC_BY_NC_4_0;Museu Nacional; Universidade Federal do Rio de Janeiro;;;;2022-01-14T23:37:48.041Z;;OCCURRENCE_STATUS_INFERRED_FROM_INDIVIDUAL_COUNT;;;;
1435462759;cb692845-d58d-4171-a544-bfbf6d93f1da;br:MN:MNRJ:523;Animalia;Chordata;Elasmobranchii;Carcharhiniformes;Sphyrnidae;Sphyrna;Sphyrna tudes;;SPECIES;Sphyrna tudes (Valenciennes; 1822);Sphyrna tudes;;BR;Santos; São Paulo;São Paulo;PRESENT;;;;;;;;;;;1913-01-01T00:00:00;;;1913;2418813;2418813;PRESERVED_SPECIMEN;Museu Nacional/UFRJ;Coleção Ictiológica do Museu Nacional (MNRJ);523;;P.M.Ribeiro;1957;;CC_BY_NC_4_0;Museu Nacional; Universidade Federal do Rio de Janeiro;P.P.P.Velho;;;2022-01-14T23:37:48.038Z;;OCCURRENCE_STATUS_INFERRED_FROM_INDIVIDUAL_COUNT;;;
1435462755;cb692845-d58d-4171-a544-bfbf6d93f1da;br:MN:MNRJ:522;Animalia;Chordata;Elasmobranchii;Carcharhiniformes;Sphyrnidae;Sphyrna;Sphyrna tudes;;SPECIES;Sphyrna tudes (Valenciennes; 1822);Sphyrna tudes;;BR;Santos; São Paulo;São Paulo;PRESENT;;;;;;;;;;;1913-01-01T00:00:00;;;1913;2418813;2418813;PRESERVED_SPECIMEN;Museu Nacional/UFRJ;Coleção Ictiológica do Museu Nacional (MNRJ);522;;P.M.Ribeiro;1957;;CC_BY_NC_4_0;Museu Nacional; Universidade Federal do Rio de Janeiro;P.P.P.Velho;;;2022-01-14T23:37:48.038Z;;OCCURRENCE_STATUS_INFERRED_FROM_INDIVIDUAL_COUNT;;;
1423470597;e1a01804-881b-42ae-8f97-1e80f697fd56;9f2a2a9a-53f7-4434-ace4-a6f5c08dfc4e;Animalia;Chordata;Elasmobranchii;Carcharhiniformes;Sphyrnidae;Sphyrna;Sphyrna tudes;;SPECIES;Sphyrna tudes (Valenciennes; 1822);Sphyrna tudes;;MX;N of San Felipe;Baja California;PRESENT;;31;-114.866667;;;;;;;;1947-04-13T00:00:00;13;4;1947;2418813;2418813;PRESERVED_SPECIMEN;SIO;Marine Vertebrates;47-67;;;;CC0_1_0;;local fisherman;;NATIVE;2021-12-02T15:25:55.506Z;;COORDINATE_ROUNDED;;;;;;
1416646620;b0059a3a-5cab-4a08-8d14-d92c23378e43;MPEG.ICT 003493;Animalia;Chordata;Elasmobranchii;Carcharhiniformes;Sphyrnidae;Sphyrna;Sphyrna tudes;;SPECIES;Sphyrna tudes (Valenciennes; 1822);Sphyrna tudes;;BR;Estuário Amazônico (OBS. Um exemplar permutado pelo MOVI 08448; atual MPEG 6708).;Amapá;PRESENT;;;;;;;;;;;1997-04-03T00:00:00;3;4;1997;2418813;2418813;PRESERVED_SPECIMEN;MPEG;ICT;MPEG.ICT 003493;;;;CC_BY_NC_4_0;Museu Paraense Emílio Goeldi (MPEG);Torres;  M.;;;2021-12-02T09:05:21.573Z;;COORDINATE_OUT_OF_RANGE;;;;
1416646561;b0059a3a-5cab-4a08-8d14-d92c23378e43;MPEG.ICT 003453;Animalia;Chordata;Elasmobranchii;Carcharhiniformes;Sphyrnidae;Sphyrna;Sphyrna tudes;;SPECIES;Sphyrna tudes (Valenciennes; 1822);Sphyrna tudes;;BR;Foz do Rio Amazonas;Amapá;PRESENT;;;;;;;;;;;1996-09-08T00:00:00;8;9;1996;2418813;2418813;PRESERVED_SPECIMEN;MPEG;ICT;MPEG.ICT 003453;;;;CC_BY_NC_4_0;Museu Paraense Emílio Goeldi (MPEG);Maia;  R. F.;;;2021-12-02T09:05:21.523Z;;COORDINATE_OUT_OF_RANGE;;;;;
1416646518;b0059a3a-5cab-4a08-8d14-d92c23378e43;MPEG.ICT 003399;Animalia;Chordata;Elasmobranchii;Carcharhiniformes;Sphyrnidae;Sphyrna;Sphyrna tudes;;SPECIES;Sphyrna tudes (Valenciennes; 1822);Sphyrna tudes;;BR;Foz do Rio Amazonas;Pará;PRESENT;;;;;;;;;;;1996-08-11T00:00:00;11;8;1996;2418813;2418813;PRESERVED_SPECIMEN;MPEG;ICT;MPEG.ICT 003399;;;;CC_BY_NC_4_0;Museu Paraense Emílio Goeldi (MPEG);Barthem;  R. B.;;;2021-12-02T09:05:21.522Z;;COORDINATE_OUT_OF_RANGE;;;;;
1416646516;b0059a3a-5cab-4a08-8d14-d92c23378e43;MPEG.ICT 003398;Animalia;Chordata;Elasmobranchii;Carcharhiniformes;Sphyrnidae;Sphyrna;Sphyrna tudes;;SPECIES;Sphyrna tudes (Valenciennes; 1822);Sphyrna tudes;;BR;Foz do Rio Amazonas;Pará;PRESENT;;;;;;;;;;;1996-08-11T00:00:00;11;8;1996;2418813;2418813;PRESERVED_SPECIMEN;MPEG;ICT;MPEG.ICT 003398;;;;CC_BY_NC_4_0;Museu Paraense Emílio Goeldi (MPEG);Barthem;  R. B.;;;2021-12-02T09:05:21.522Z;;COORDINATE_OUT_OF_RANGE;;;;;
1416645418;b0059a3a-5cab-4a08-8d14-d92c23378e43;MPEG.ICT 002318;Animalia;Chordata;Elasmobranchii;Carcharhiniformes;Sphyrnidae;Sphyrna;Sphyrna tudes;;SPECIES;Sphyrna tudes (Valenciennes; 1822);Sphyrna tudes;;BR;Baía de Marajó. Cabo Maguari. Foz do Rio Pará (OBS. O único exemplar foi permutado pelos MOVI 08875 e MOVI 08900; atuais MPEG 6705).;Pará;PRESENT;;;;;;;;;;;1982-10-22T00:00:00;22;10;1982;2418813;2418813;PRESERVED_SPECIMEN;MPEG;ICT;MPEG.ICT 002318;;;;CC_BY_NC_4_0;Museu Paraense Emílio Goeldi (MPEG);Barthem;  R. B.;;;2021-12-02T09:05:23.655Z;;COLLECTION_MATCH_NONE;;;;
1416644407;b0059a3a-5cab-4a08-8d14-d92c23378e43;MPEG.ICT 001298;Animalia;Chordata;Elasmobranchii;Carcharhiniformes;Sphyrnidae;Sphyrna;Sphyrna tudes;;SPECIES;Sphyrna tudes (Valenciennes; 1822);Sphyrna tudes;;BR;Baía de Marajó. Cabo Maguari. Foz do Rio Pará (OBS. Um exemplar permutado pelo MOVI 08465; atual 6709). Um exemplar extraviado.;Pará;PRESENT;;;;;;;;;;;1982-10-22T00:00:00;22;10;1982;2418813;2418813;PRESERVED_SPECIMEN;MPEG;ICT;MPEG.ICT 001298;;;;CC_BY_NC_4_0;Museu Paraense Emílio Goeldi (MPEG);Barthem;  R. B.;;;2021-12-02T09:05:21.790Z;;COLLECTION_MATCH_NONE;;;;
1322987787;821cc27a-e3bb-4bc5-ac34-89ada245069d;http://n2t.net/ark:/65665/3fff6bc8c-ae88-46ec-8299-a989b97a7e95;Animalia;Chordata;Elasmobranchii;Carcharhiniformes;Sphyrnidae;Sphyrna;Sphyrna tudes;;SPECIES;Sphyrna tudes (Valenciennes; 1822);Sphyrna tudes;;SR;Off Surinam;;PRESENT;1;6.433;-55.125;;;;;;13;13;;;;;2418813;2418813;PRESERVED_SPECIMEN;USNM;urn:uuid:09c9cf5f-f5d3-48cc-b5c8-cd9b9fbd631f;USNM 159197;;;;CC0_1_0;;;;;2021-12-03T16:27:56.402Z;StillImage;GEODETIC_DATUM_ASSUMED_WGS84;;;;;;
1322903024;821cc27a-e3bb-4bc5-ac34-89ada245069d;http://n2t.net/ark:/65665/3fc36d1fa-0307-4eba-9453-f62bab1f862e;Animalia;Chordata;Elasmobranchii;Carcharhiniformes;Sphyrnidae;Sphyrna;Sphyrna tudes;;SPECIES;Sphyrna tudes (Valenciennes; 1822);Sphyrna tudes;;US;Florida;;;;;;;;;;;;;;;;;;;;;;;;;;;;;;;;;;;;;;;
1322714880;821cc27a-e3bb-4bc5-ac34-89ada245069d;http://n2t.net/ark:/65665/3f3ddd7b4-4f1a-45ab-bda6-69343a045e60;Animalia;Chordata;Elasmobranchii;Carcharhiniformes;Sphyrnidae;Sphyrna;Sphyrna tudes;;SPECIES;Sphyrna tudes (Valenciennes; 1822);Sphyrna tudes;;SR;Atlantic Off Surinam;;PRESENT;2;6.33333;-54.8583;;;;;;22;0;;;;;2418813;2418813;PRESERVED_SPECIMEN;USNM;urn:uuid:09c9cf5f-f5d3-48cc-b5c8-cd9b9fbd631f;USNM 159227;;;;CC0_1_0;;;;;2021-12-03T16:28:56.885Z;;GEODETIC_DATUM_ASSUMED_WGS84;;;;;;
1321983355;821cc27a-e3bb-4bc5-ac34-89ada245069d;http://n2t.net/ark:/65665/3d38092e6-ab07-405a-b026-2b54bfba8594;Animalia;Chordata;Elasmobranchii;Carcharhiniformes;Sphyrnidae;Sphyrna;Sphyrna tudes;;SPECIES;Sphyrna tudes (Valenciennes; 1822);Sphyrna tudes;;US;Mississippi;Mississippi;PRESENT;1;29.9;-88.1;;;;;;29;2;1958-02-16T00:00:00;16;2;1958;2418813;2418813;PRESERVED_SPECIMEN;USNM;urn:uuid:09c9cf5f-f5d3-48cc-b5c8-cd9b9fbd631f;USNM 195957;;;;CC0_1_0;;;;;2021-12-03T16:27:52.480Z;StillImage;GEODETIC_DATUM_ASSUMED_WGS84;;;;;;
1321611626;821cc27a-e3bb-4bc5-ac34-89ada245069d;http://n2t.net/ark:/65665/3c2fa79d0-f952-4d7d-8a86-2e5ed3a2fbed;Animalia;Chordata;Elasmobranchii;Carcharhiniformes;Sphyrnidae;Sphyrna;Sphyrna tudes;;SPECIES;Sphyrna tudes (Valenciennes; 1822);Sphyrna tudes;;US;Florida. Englewood;Florida;PRESENT;1;;;;;;;;;;;;;;2418813;2418813;PRESERVED_SPECIMEN;USNM;urn:uuid:09c9cf5f-f5d3-48cc-b5c8-cd9b9fbd631f;USNM 110300;;;;CC0_1_0;;S. Springer;;;2021-12-03T16:28:52.783Z;;CONTINENT_INVALID;;;;;;
1321406809;821cc27a-e3bb-4bc5-ac34-89ada245069d;http://n2t.net/ark:/65665/3b9efac7c-afe2-40bf-b160-492159c6e2ab;Animalia;Chordata;Elasmobranchii;Carcharhiniformes;Sphyrnidae;Sphyrna;Sphyrna tudes;;SPECIES;Sphyrna tudes (Valenciennes; 1822);Sphyrna tudes;;US;Mississippi;Mississippi;PRESENT;2;29.9;-88.1;;;;;;29;2;1958-02-16T00:00:00;16;2;1958;2418813;2418813;PRESERVED_SPECIMEN;USNM;urn:uuid:09c9cf5f-f5d3-48cc-b5c8-cd9b9fbd631f;USNM 394498;;;;CC0_1_0;;;;;2021-12-03T16:28:54.917Z;;GEODETIC_DATUM_ASSUMED_WGS84;;;;;;
1321278216;821cc27a-e3bb-4bc5-ac34-89ada245069d;http://n2t.net/ark:/65665/3b43f9603-7608-4003-8065-123ef31e70af;Animalia;Chordata;Elasmobranchii;Carcharhiniformes;Sphyrnidae;Sphyrna;Sphyrna tudes;;SPECIES;Sphyrna tudes (Valenciennes; 1822);Sphyrna tudes;;SR;Atlantic Off Surinam;;PRESENT;4;6.367;-55.092;;;;;;24;0;;;;;2418813;2418813;PRESERVED_SPECIMEN;USNM;urn:uuid:09c9cf5f-f5d3-48cc-b5c8-cd9b9fbd631f;USNM 159229;;;;CC0_1_0;;;;;2021-12-03T16:27:31.945Z;;GEODETIC_DATUM_ASSUMED_WGS84;;;;;;
1320398170;821cc27a-e3bb-4bc5-ac34-89ada245069d;http://n2t.net/ark:/65665/38d5c8d87-cb9e-4877-b2c2-c35c6461b0a4;Animalia;Chordata;Elasmobranchii;Carcharhiniformes;Sphyrnidae;Sphyrna;Sphyrna tudes;;SPECIES;Sphyrna tudes (Valenciennes; 1822);Sphyrna tudes;;SR;Atlantic Off Surinam;;PRESENT;4;6.367;-55.092;;;;;;24;0;;;;;2418813;2418813;PRESERVED_SPECIMEN;USNM;urn:uuid:09c9cf5f-f5d3-48cc-b5c8-cd9b9fbd631f;USNM 159228;;;;CC0_1_0;;;;;2021-12-03T16:28:48.541Z;;GEODETIC_DATUM_ASSUMED_WGS84;;;;;;
1319591941;821cc27a-e3bb-4bc5-ac34-89ada245069d;http://n2t.net/ark:/65665/369b0669f-0cbf-4612-846e-70857569ee54;Animalia;Chordata;Elasmobranchii;Carcharhiniformes;Sphyrnidae;Sphyrna;Sphyrna tudes;;SPECIES;Sphyrna tudes (Valenciennes; 1822);Sphyrna tudes;;US;Florida; Off Stump Pass; Englewood;Florida;;;;;;;;;;;;;;;;2418813;2418813;PRESERVED_SPECIMEN;USNM;urn:uuid:09c9cf5f-f5d3-48cc-b5c8-cd9b9fbd631f;USNM 106543;;;;CC0_1_0;;;;;2021-12-03T16:28:48.259Z;;CONTINENT_INVALID;;;;
1319196328;821cc27a-e3bb-4bc5-ac34-89ada245069d;http://n2t.net/ark:/65665/358366a10-83d7-4b14-b9eb-684168411b1d;Animalia;Chordata;Elasmobranchii;Carcharhiniformes;Sphyrnidae;Sphyrna;Sphyrna tudes;;SPECIES;Sphyrna tudes (Valenciennes; 1822);Sphyrna tudes;;US;Mississippi;Mississippi;PRESENT;1;29.9;-88.1;;;;;;29;2;1958-02-16T00:00:00;16;2;1958;2418813;2418813;PRESERVED_SPECIMEN;USNM;urn:uuid:09c9cf5f-f5d3-48cc-b5c8-cd9b9fbd631f;USNM 394499;;;;CC0_1_0;;;;;2021-12-03T16:27:45.003Z;;GEODETIC_DATUM_ASSUMED_WGS84;;;;;;
1318377131;821cc27a-e3bb-4bc5-ac34-89ada245069d;http://n2t.net/ark:/65665/333f52be1-dac2-41a9-8f77-66b8872759e9;Animalia;Chordata;Elasmobranchii;Carcharhiniformes;Sphyrnidae;Sphyrna;Sphyrna tudes;;SPECIES;Sphyrna tudes (Valenciennes; 1822);Sphyrna tudes;;SR;Surinam; SE Paramaraibo Light Ship;;PRESENT;;;;;;;;;;;;;;;2418813;2418813;PRESERVED_SPECIMEN;USNM;urn:uuid:09c9cf5f-f5d3-48cc-b5c8-cd9b9fbd631f;USNM 156721;;;;CC0_1_0;;J. Higman;;;2021-12-03T16:28:43.544Z;;CONTINENT_INVALID;;;;;
1318343476;821cc27a-e3bb-4bc5-ac34-89ada245069d;http://n2t.net/ark:/65665/332782fc9-15ef-4713-9f0a-db57a6261395;Animalia;Chordata;Elasmobranchii;Carcharhiniformes;Sphyrnidae;Sphyrna;Sphyrna tudes;;SPECIES;Sphyrna tudes (Valenciennes; 1822);Sphyrna tudes;;US;Mississippi;Mississippi;PRESENT;1;29.9;-88.1;;;;;;29;2;1958-02-16T00:00:00;16;2;1958;2418813;2418813;PRESERVED_SPECIMEN;USNM;urn:uuid:09c9cf5f-f5d3-48cc-b5c8-cd9b9fbd631f;USNM 394500;;;;CC0_1_0;;;;;2021-12-03T16:28:45.428Z;;GEODETIC_DATUM_ASSUMED_WGS84;;;;;;
1317809502;821cc27a-e3bb-4bc5-ac34-89ada245069d;http://n2t.net/ark:/65665/31ad5d42c-475a-48f0-bb48-f9693c8082bf;Animalia;Chordata;Elasmobranchii;Carcharhiniformes;Sphyrnidae;Sphyrna;Sphyrna tudes;;SPECIES;Sphyrna tudes (Valenciennes; 1822);Sphyrna tudes;;SR;Off Surinam;;PRESENT;1;6.433;-55.125;;;;;;13;13;;;;;2418813;2418813;PRESERVED_SPECIMEN;USNM;urn:uuid:09c9cf5f-f5d3-48cc-b5c8-cd9b9fbd631f;USNM 159199;;;;CC0_1_0;;;;;2021-12-03T16:28:44.258Z;;GEODETIC_DATUM_ASSUMED_WGS84;;;;;;
1317388656;821cc27a-e3bb-4bc5-ac34-89ada245069d;http://n2t.net/ark:/65665/3083a618a-9fa4-4065-8460-99497686d851;Animalia;Chordata;Elasmobranchii;Carcharhiniformes;Sphyrnidae;Sphyrna;Sphyrna tudes;;SPECIES;Sphyrna tudes (Valenciennes; 1822);Sphyrna tudes;;US;Mississippi;Mississippi;PRESENT;3;29.9;-88.1;;;;;;29;2;1958-02-16T00:00:00;16;2;1958;2418813;2418813;PRESERVED_SPECIMEN;USNM;urn:uuid:09c9cf5f-f5d3-48cc-b5c8-cd9b9fbd631f;USNM 394497;;;;CC0_1_0;;;;;2021-12-03T16:27:39.801Z;;GEODETIC_DATUM_ASSUMED_WGS84;;;;;;
1257407183;969d55f6-ed52-4be9-a6dd-7afeccdfde76;b3fbc55f-7769-49f8-b921-3ba32f773018;Animalia;Chordata;Elasmobranchii;Carcharhiniformes;Sphyrnidae;Sphyrna;Sphyrna tudes;;SPECIES;Sphyrna tudes (Valenciennes; 1822);Sphyrna tudes;;TT;;;PRESENT;1;10.5;-61.034;;;;;;;;1985-10-01T00:00:00;1;10;1985;2418813;2418813;PRESERVED_SPECIMEN;FSUCML;Zoological Collection;FSUCML: 788;;;;CC_BY_4_0;;Castro;;;2021-12-02T07:02:46.725Z;;GEODETIC_DATUM_ASSUMED_WGS84;;;;;;
1257407145;969d55f6-ed52-4be9-a6dd-7afeccdfde76;edc745f0-b92e-463a-85c1-930834046b9b;Animalia;Chordata;Elasmobranchii;Carcharhiniformes;Sphyrnidae;Sphyrna;Sphyrna tudes;;SPECIES;Sphyrna tudes (Valenciennes; 1822);Sphyrna tudes;;TT;;;PRESENT;1;10.5;-61.034;;;;;;;;1985-09-12T00:00:00;12;9;1985;2418813;2418813;PRESERVED_SPECIMEN;FSUCML;Zoological Collection;FSUCML: 789;;;;CC_BY_4_0;;Castro;;;2021-12-02T07:02:46.442Z;;GEODETIC_DATUM_ASSUMED_WGS84;;;;;;
1257407073;969d55f6-ed52-4be9-a6dd-7afeccdfde76;ab09a85b-75cd-4237-a6a0-83318f8e64a1;Animalia;Chordata;Elasmobranchii;Carcharhiniformes;Sphyrnidae;Sphyrna;Sphyrna tudes;;SPECIES;Sphyrna tudes (Valenciennes; 1822);Sphyrna tudes;;TT;;;PRESENT;1;10.5;-61.034;;;;;;;;1985-10-01T00:00:00;1;10;1985;2418813;2418813;PRESERVED_SPECIMEN;FSUCML;Zoological Collection;FSUCML: 692;;Castro;;CC_BY_4_0;;Castro;;;2021-12-02T07:02:46.792Z;;GEODETIC_DATUM_ASSUMED_WGS84;;;;;;
1257406988;969d55f6-ed52-4be9-a6dd-7afeccdfde76;063e8052-c00e-4140-b001-6c12332b5d95;Animalia;Chordata;Elasmobranchii;Carcharhiniformes;Sphyrnidae;Sphyrna;Sphyrna tudes;;SPECIES;Sphyrna tudes (Valenciennes; 1822);Sphyrna tudes;;TT;;;PRESENT;1;10.5;-61.034;;;;;;;;1985-09-12T00:00:00;12;9;1985;2418813;2418813;PRESERVED_SPECIMEN;FSUCML;Zoological Collection;FSUCML: 634;;;;CC_BY_4_0;;Castro; Mounsey;;;2021-12-02T07:02:46.694Z;;GEODETIC_DATUM_ASSUMED_WGS84;;;;;
1257406959;969d55f6-ed52-4be9-a6dd-7afeccdfde76;dc093a8b-0063-41f6-879d-fca4251ef3f4;Animalia;Chordata;Elasmobranchii;Carcharhiniformes;Sphyrnidae;Sphyrna;Sphyrna tudes;;SPECIES;Sphyrna tudes (Valenciennes; 1822);Sphyrna tudes;;MX;;;PRESENT;1;19.0775;-104.358;;;;;;;;1985-08-29T00:00:00;29;8;1985;2418813;2418813;PRESERVED_SPECIMEN;FSUCML;Zoological Collection;FSUCML: 614;;Castro;;CC_BY_4_0;;Castro;;;2021-12-02T07:02:46.705Z;;GEODETIC_DATUM_ASSUMED_WGS84;;;;;;
1211686946;4e5552d1-5eaf-40a3-b48b-01f92da22f17;URI:catalog:ROM:Ichthyology:58701;Animalia;Chordata;Elasmobranchii;Carcharhiniformes;Sphyrnidae;Sphyrna;Sphyrna tudes;;SPECIES;Sphyrna tudes (Valenciennes; 1822);Sphyrna tudes;;TT;;Trinidad;PRESENT;1;10;-61;;;;;;;;1972-04-26T00:00:00;26;4;1972;2418813;2418813;PRESERVED_SPECIMEN;ROM;Fishes;58701;A-9;Ramshaw; W. H.;1990-03-19T00:00:00;CC_BY_NC_4_0;Royal Ontario Museum;;;;;;;;;;;
1057263785;7e380070-f762-11e1-a439-00145eb45e9a;7975171d-77ee-4dff-b14b-e5310cbcb2fc;Animalia;Chordata;Elasmobranchii;Carcharhiniformes;Sphyrnidae;Sphyrna;Sphyrna tudes;;SPECIES;Sphyrna tudes (Valenciennes; 1822);Sphyrna tudes (Valenciennes; 1822);Valenciennes;1822;GY;British Guiana; box 3;7.116667;-57.883333;;;;;;;;;;;;25;1;1959-02-06T00:00:00;6;2;1959;2418813;2418813;PRESERVED_SPECIMEN;NHMUK;ZOO;1984.8.8.19;;;;CC0_1_0;;R Lowe-mcConnell;;;2021-12-02T09:34:02.479Z;StillImage;COORDINATE_ROUNDED
1056740741;7e380070-f762-11e1-a439-00145eb45e9a;819d49d3-966d-46fd-81ae-f757c10bea57;Animalia;Chordata;Elasmobranchii;Carcharhiniformes;Sphyrnidae;Sphyrna;Sphyrna tudes;;SPECIES;Sphyrna tudes (Valenciennes; 1822);Sphyrna tudes (Valenciennes; 1822);Valenciennes;1822;GY;British Guiana;;;;;;;;;;;;;;;;;2418813;2418813;PRESERVED_SPECIMEN;NHMUK;ZOO;1984.8.8.13-18;;;;CC0_1_0;;R Lowe-mcConnell;;;2021-12-02T09:32:56.575Z;StillImage;COLLECTION_MATCH_NONE;;;;
1056269225;7e380070-f762-11e1-a439-00145eb45e9a;925a75c5-066f-43d6-b1e6-bda7221f4e21;Animalia;Chordata;Elasmobranchii;Carcharhiniformes;Sphyrnidae;Sphyrna;Sphyrna tudes;;SPECIES;Sphyrna bigelowi Springer;1944;Sphyrna bigelowi Springer;1944;Springer;1944;GY;British Guiana; box 1;6.566667;-57.3;;;;;;;;;;;;23;1;1959-02-04T00:00:00;4;2;1959;2418821;2418813;PRESERVED_SPECIMEN;NHMUK;ZOO;1961.8.31.14-15;;;;CC0_1_0;;R McConnell;;;2021-12-02T09:33:31.036Z;StillImage;COORDINATE_ROUNDED
1055911018;7e380070-f762-11e1-a439-00145eb45e9a;4349dcd5-f636-4179-98c6-0354ec67e7f9;Animalia;Chordata;Elasmobranchii;Carcharhiniformes;Sphyrnidae;Sphyrna;Sphyrna tudes;;SPECIES;Sphyrna bigelowi Springer;1944;Sphyrna bigelowi Springer;1944;Springer;1944;GY;Off Georgetown; British Guiana;;;1;19456090-b49a-11d8-abeb-b8a03c50a862;;;;;;;;;;;;;2418821;2418813;PRESERVED_SPECIMEN;NHMUK;ZOO;1950.5.15.2;;;;CC0_1_0;;;;;2021-12-02T09:33:21.723Z;StillImage;COLLECTION_MATCH_NONE;;;
864486336;197908d0-5565-11d8-b290-b8a03c50a862;FishBase:Occurrence:MOVI 19676;Animalia;Chordata;Elasmobranchii;Carcharhiniformes;Sphyrnidae;Sphyrna;Sphyrna tudes;;SPECIES;Sphyrna tudes (Valenciennes; 1822);Sphyrna tudes;(Valenciennes; 1822);BR;Rio Amazonas; Cabo Maguari; Baía de Marajó;;;1;192a9ab0-5565-11d8-b290-b8a03c50a862;;;;;;;;;1982-10-22T00:00:00;22;10;1982;2418813;2418813;PRESERVED_SPECIMEN;FishBase;Occurrence;MOVI 19676;;;;CC_BY_NC_4_0;;R.B. Barthem;;;2021-12-01T23:39:21.743Z;;OCCURRENCE_STATUS_INFERRED_FROM_INDIVIDUAL_COUNT;;;
864486321;197908d0-5565-11d8-b290-b8a03c50a862;FishBase:Occurrence:MOVI 19675;Animalia;Chordata;Elasmobranchii;Carcharhiniformes;Sphyrnidae;Sphyrna;Sphyrna tudes;;SPECIES;Sphyrna tudes (Valenciennes; 1822);Sphyrna tudes;(Valenciennes; 1822);BR;Rio Amazonas;Pa;PRESENT;;;;;;;;;;;1997-04-03T00:00:00;3;4;1997;2418813;2418813;PRESERVED_SPECIMEN;FishBase;Occurrence;MOVI 19675;;;;CC_BY_NC_4_0;;M. Torres;;;2021-12-01T23:39:22.680Z;;OCCURRENCE_STATUS_INFERRED_FROM_INDIVIDUAL_COUNT;;;;;
864486280;197908d0-5565-11d8-b290-b8a03c50a862;FishBase:Occurrence:MOVI 19677;Animalia;Chordata;Elasmobranchii;Carcharhiniformes;Sphyrnidae;Sphyrna;Sphyrna tudes;;SPECIES;Sphyrna tudes (Valenciennes; 1822);Sphyrna tudes;(Valenciennes; 1822);BR;Foz do Rio Pará; Cabo Maguari; Baía de Marajó;;;1;192a9ab0-5565-11d8-b290-b8a03c50a862;;;;;;;;;1982-10-22T00:00:00;22;10;1982;2418813;2418813;PRESERVED_SPECIMEN;FishBase;Occurrence;MOVI 19677;;;;CC_BY_NC_4_0;;R.B. Barthem;;;2021-12-01T23:39:16.345Z;;OCCURRENCE_STATUS_INFERRED_FROM_INDIVIDUAL_COUNT;;;
864269203;197908d0-5565-11d8-b290-b8a03c50a862;FishBase:Occurrence:AMNH 33460;Animalia;Chordata;Elasmobranchii;Carcharhiniformes;Sphyrnidae;Sphyrna;Sphyrna tudes;;SPECIES;Sphyrna tudes (Valenciennes; 1822);Sphyrna tudes;(Valenciennes; 1822);SR;OFF SURINAM;;PRESENT;6.283333;-55.3;;;;;;;;;1969-04-30T00:00:00;30;4;1969;2418813;2418813;PRESERVED_SPECIMEN;FishBase;Occurrence;AMNH 33460;;V. SPRINGER; G. DINGERKUS;;CC_BY_NC_4_0;;R/V OREGON II;;;2021-12-01T23:39:14.807Z;;COORDINATE_ROUNDED;;;;
863132137;4bfac3ea-8763-4f4b-a71a-76a6f5f243d3;MCZ:Ich:40585;Animalia;Chordata;Elasmobranchii;Carcharhiniformes;Sphyrnidae;Sphyrna;Sphyrna tudes;;SPECIES;Sphyrna tudes (Valenciennes; 1822);Sphyrna tudes (Valenciennes; 1822);(Valenciennes; 1822);US;off Palm Beach;Florida;26.641468;-79.586231;b4640710-8e03-11d8-b956-b8a03c50a862;;;67908;;;;;;1959-12-12T00:00:00;12;12;1959;2418813;2418813;PRESERVED_SPECIMEN;MCZ;Ich;40585;;Ledger;;CC_BY_NC_4_0;President and Fellows of Harvard College;M. M. Vorenberg;;;2022-01-10T16:58:39.312Z;;OCCURRENCE_STATUS_INFERRED_FROM_INDIVIDUAL_COUNT;;;;
863125300;4bfac3ea-8763-4f4b-a71a-76a6f5f243d3;MCZ:Ich:35247;Animalia;Chordata;Elasmobranchii;Carcharhiniformes;Sphyrnidae;Sphyrna;Sphyrna tudes;;SPECIES;Sphyrna tudes (Valenciennes; 1822);Sphyrna tudes (Valenciennes; 1822);(Valenciennes; 1822);US;Englewood;Florida;26.948349;-82.382353;b4640710-8e03-11d8-b956-b8a03c50a862;;;4459;;;;;;1938-04-01T00:00:00;1;4;1938;2418813;2418813;PRESERVED_SPECIMEN;MCZ;Ich;35247;;Ledger;;CC_BY_NC_4_0;President and Fellows of Harvard College;Stewart Springer;;;2022-01-10T16:57:30.862Z;;TYPE_STATUS_INVALID;;;;
863116527;4bfac3ea-8763-4f4b-a71a-76a6f5f243d3;MCZ:Ich:41409;Animalia;Chordata;Elasmobranchii;Carcharhiniformes;Sphyrnidae;Sphyrna;Sphyrna tudes;;SPECIES;Sphyrna tudes (Valenciennes; 1822);Sphyrna tudes (Valenciennes; 1822);(Valenciennes; 1822);US;off Palm Beach;Florida;26.783768;-79.652149;b4640710-8e03-11d8-b956-b8a03c50a862;;;39088;;;;;;1961-11-01T00:00:00;1;11;1961;2418813;2418813;PRESERVED_SPECIMEN;MCZ;Ich;41409;;M. M. Vorenberg;;CC_BY_NC_4_0;President and Fellows of Harvard College;M. M. Vorenberg;;;2022-01-10T16:57:35.838Z;;OCCURRENCE_STATUS_INFERRED_FROM_INDIVIDUAL_COUNT;;;;
863074453;4bfac3ea-8763-4f4b-a71a-76a6f5f243d3;MCZ:Ich:S-463;Animalia;Chordata;Elasmobranchii;Carcharhiniformes;Sphyrnidae;Sphyrna;Sphyrna tudes;;SPECIES;Sphyrna bigelowi Springer;1944;Sphyrna bigelowi S. Springer;1944;S. Springer;1944;BR;Rio de Janeiro;Rio de Janeiro;-22.902946;-43.173865;b4640710-8e03-11d8-b956-b8a03c50a862;;;46455;;;;;;1865-05-01T00:00:00;1;5;1865;2418821;2418813;PRESERVED_SPECIMEN;MCZ;Ich;S-463;;Karsten E. Hartel; Guido Dingerkus;;CC_BY_NC_4_0;President and Fellows of Harvard College;Thayer Expedition to Brazil; Louis Agassiz; and party;;;2022-01-10T16:57:32.397Z;;TYPE_STATUS_INVALID;
812587412;b8ed9b7c-5b73-4e6d-a6e1-b0911a09f947;urn:catalog:OS:Fishes:11079;Animalia;Chordata;Elasmobranchii;Carcharhiniformes;Sphyrnidae;Sphyrna;Sphyrna tudes;;SPECIES;Sphyrna tudes (Valenciennes; 1822);Sphyrna tudes;(Valenciennes; 1822);TT;Trinidad;;PRESENT;10.7;-60.616667;;;;;;;23.5;;1986-08-23T00:00:00;23;8;1986;2418813;2418813;PRESERVED_SPECIMEN;OS;Fishes;11079;;;;CC0_1_0;;Cook; Sid;;;2021-12-02T09:43:18.030Z;;GEODETIC_DATUM_ASSUMED_WGS84;;;;
812587409;b8ed9b7c-5b73-4e6d-a6e1-b0911a09f947;urn:catalog:OS:Fishes:11076;Animalia;Chordata;Elasmobranchii;Carcharhiniformes;Sphyrnidae;Sphyrna;Sphyrna tudes;;SPECIES;Sphyrna tudes (Valenciennes; 1822);Sphyrna tudes;(Valenciennes; 1822);TT;Trinidad;;PRESENT;10.7;-60.616667;;;;;;;23.5;;1986-08-23T00:00:00;23;8;1986;2418813;2418813;PRESERVED_SPECIMEN;OS;Fishes;11076;;;;CC0_1_0;;Cook; Sid;;;2021-12-02T09:43:18.030Z;;GEODETIC_DATUM_ASSUMED_WGS84;;;;
812587406;b8ed9b7c-5b73-4e6d-a6e1-b0911a09f947;urn:catalog:OS:Fishes:11073;Animalia;Chordata;Elasmobranchii;Carcharhiniformes;Sphyrnidae;Sphyrna;Sphyrna tudes;;SPECIES;Sphyrna tudes (Valenciennes; 1822);Sphyrna tudes;(Valenciennes; 1822);TT;TRINIDAD: MANZILLA BAY;;PRESENT;;ac5e8480-3714-11da-bc2e-b8a03c50a862;;;;;;;;;1986-03-04T00:00:00;4;3;1986;2418813;2418813;PRESERVED_SPECIMEN;OS;Fishes;11073;;;;CC0_1_0;;Mounsey; R.;;;;;;;;;
666667654;afc30a94-6107-488a-b9c0-ba9c4fa68b7c;6af47431-1d98-4390-aa19-8d9146083d4f;Animalia;Chordata;Elasmobranchii;Carcharhiniformes;Sphyrnidae;Sphyrna;Sphyrna tudes;;SPECIES;Sphyrna tudes (Valenciennes; 1822);Sphyrna tudes;;US;Englewood;Florida;PRESENT;1;26.948349;-82.382353;;;;;;;;;;;;2418813;2418813;PRESERVED_SPECIMEN;FMNH;Fishes;35598;;;;CC0_1_0;The Field Museum of Natural History;S. Springer;;;2021-12-02T12:39:15.775Z;;GEODETIC_DATUM_ASSUMED_WGS84;;;;;;
666651873;afc30a94-6107-488a-b9c0-ba9c4fa68b7c;6dea07bf-9286-4501-8587-c4cd50dd9628;Animalia;Chordata;Elasmobranchii;Carcharhiniformes;Sphyrnidae;Sphyrna;Sphyrna tudes;;SPECIES;Sphyrna tudes (Valenciennes; 1822);Sphyrna tudes;;US;Salerno;Florida;PRESENT;1;27.147422;-80.19425;;;;;;;;;;;;2418813;2418813;PRESERVED_SPECIMEN;FMNH;Fishes;51204;;;;CC0_1_0;The Field Museum of Natural History;Shark Industries Inc.;;;2021-12-02T12:39:13.413Z;;GEODETIC_DATUM_ASSUMED_WGS84;;;;;;
624266048;eccf4b09-f0c8-462d-a48c-41a7ce36815a;817E3CA8-306A-4779-AAA3-8BEE7B703B1C;Animalia;Chordata;Elasmobranchii;Carcharhiniformes;Sphyrnidae;Sphyrna;Sphyrna tudes;;SPECIES;Sphyrna tudes (Valenciennes; 1822);Sphyrna tudes;;TT;Collected around Salybia; Trinidad;Trinidad;PRESENT;10.705581;-61.024386;;;;;;;;;2009-06-01T00:00:00;;6;2009;2418813;2418813;PRESERVED_SPECIMEN;UF;Fish;182205;;;;CC_BY_NC_4_0;;Local fishermen;;;;;;;;;;
624266047;eccf4b09-f0c8-462d-a48c-41a7ce36815a;E454655D-41FD-4192-907D-F44820AB6600;Animalia;Chordata;Elasmobranchii;Carcharhiniformes;Sphyrnidae;Sphyrna;Sphyrna tudes;;SPECIES;Sphyrna tudes (Valenciennes; 1822);Sphyrna tudes;;TT;Collected around Salybia; Trinidad;Trinidad;PRESENT;10.705581;-61.024386;;;;;;;;;2009-06-01T00:00:00;;6;2009;2418813;2418813;PRESERVED_SPECIMEN;UF;Fish;182204;;;;CC_BY_NC_4_0;;Local fishermen;;;;;;;;;;
624210392;eccf4b09-f0c8-462d-a48c-41a7ce36815a;4E6960E9-89EA-45B9-A598-614584A24B93;Animalia;Chordata;Elasmobranchii;Carcharhiniformes;Sphyrnidae;Sphyrna;Sphyrna tudes;;SPECIES;Sphyrna tudes (Valenciennes; 1822);Sphyrna tudes;;TT;Manzanilla Bay; Trinidad;Trinidad;PRESENT;10.516667;-61.016667;;;;;;;;;1985-09-12T00:00:00;12;9;1985;2418813;2418813;PRESERVED_SPECIMEN;UF;Fish;160503;;;;CC_BY_NC_4_0;;Castro; Jose;;;2021-12-10T22:46:25.255Z;;GEODETIC_DATUM_ASSUMED_WGS84;;;;
624210050;eccf4b09-f0c8-462d-a48c-41a7ce36815a;A7581411-9AA1-4D14-A515-115D1DE75FAE;Animalia;Chordata;Elasmobranchii;Carcharhiniformes;Sphyrnidae;Sphyrna;Sphyrna tudes;;SPECIES;Sphyrna tudes (Valenciennes; 1822);Sphyrna tudes;;TT;Manzanilla Bay; Trinidad;Trinidad;PRESENT;10.516667;-61.016667;;;;;;;;;1985-09-12T00:00:00;12;9;1985;2418813;2418813;PRESERVED_SPECIMEN;UF;Fish;160160;;;;CC_BY_NC_4_0;;Castro; Jose;;;2021-12-10T22:46:21.282Z;;GEODETIC_DATUM_ASSUMED_WGS84;;;;
624209693;eccf4b09-f0c8-462d-a48c-41a7ce36815a;FBA9E140-7A33-482C-8B96-7A034EFF8334;Animalia;Chordata;Elasmobranchii;Carcharhiniformes;Sphyrnidae;Sphyrna;Sphyrna tudes;;SPECIES;Sphyrna tudes (Valenciennes; 1822);Sphyrna tudes;;TT;Atlantic Ocean; Balandra; Trinidad;Trinidad;10.712562;-60.991852;8483a1f0-1032-11db-ae00-b8a03c50a862;;;;;;;;;1986-03-19T00:00:00;19;3;1986;2418813;2418813;PRESERVED_SPECIMEN;UF;Fish;159997;;;;CC_BY_NC_4_0;;Castro; Jose;;;2021-12-10T22:46:23.474Z;;GEODETIC_DATUM_ASSUMED_WGS84;;;
624094696;eccf4b09-f0c8-462d-a48c-41a7ce36815a;A83450AB-748F-46E9-8CED-5CFE05C280BA;Animalia;Chordata;Elasmobranchii;Carcharhiniformes;Sphyrnidae;Sphyrna;Sphyrna tudes;;SPECIES;Sphyrna tudes (Valenciennes; 1822);Sphyrna tudes;;TT;Ca 1 mi E of central-east coast; 1.5 mi NE of Manzanilla Point.;Trinidad;PRESENT;10.536913;-60.998186;;;;;;;0;;1985-03-13T00:00:00;13;3;1985;2418813;2418813;PRESERVED_SPECIMEN;UF;Fish;42263;;;;CC_BY_NC_4_0;;Gruber; S;;;2021-12-10T22:46:21.458Z;;GEODETIC_DATUM_ASSUMED_WGS84;;;;
624094695;eccf4b09-f0c8-462d-a48c-41a7ce36815a;A8EA032D-7880-4405-B3F6-B6E570EA3A29;Animalia;Chordata;Elasmobranchii;Carcharhiniformes;Sphyrnidae;Sphyrna;Sphyrna tudes;;SPECIES;Sphyrna tudes (Valenciennes; 1822);Sphyrna tudes;;SR;Off Surinam.;;PRESENT;;6.25;-54.75;;;;;;0;;1967-08-12T00:00:00;12;8;1967;2418813;2418813;PRESERVED_SPECIMEN;UF;Fish;42262;;;;CC_BY_NC_4_0;;R/V Calamar;;;2021-12-10T22:46:27.108Z;;GEODETIC_DATUM_ASSUMED_WGS84;;;;;;
624094694;eccf4b09-f0c8-462d-a48c-41a7ce36815a;D015098B-F563-4A11-9508-F1A0B2279A06;Animalia;Chordata;Elasmobranchii;Carcharhiniformes;Sphyrnidae;Sphyrna;Sphyrna tudes;;SPECIES;Sphyrna tudes (Valenciennes; 1822);Sphyrna tudes;;SR;Off Suriname;;PRESENT;;6.25;-55.75;;;;;;0;;1968-01-29T00:00:00;29;1;1968;2418813;2418813;PRESERVED_SPECIMEN;UF;Fish;42261;;;;CC_BY_NC_4_0;;R/V Calamar;;;2021-12-10T22:46:22.262Z;;GEODETIC_DATUM_ASSUMED_WGS84;;;;;;
624085164;eccf4b09-f0c8-462d-a48c-41a7ce36815a;68BB45DA-290C-4C37-B1C1-9DFC04721D44;Animalia;Chordata;Elasmobranchii;Carcharhiniformes;Sphyrnidae;Sphyrna;Sphyrna tudes;;SPECIES;Sphyrna tudes (Valenciennes; 1822);Sphyrna tudes;;GF;Cayenne.;;PRESENT;;4.932294;-52.31062;;;;;;;;1977-12-12T00:00:00;12;12;1977;2418813;2418813;PRESERVED_SPECIMEN;UF;Fish;32650;;;;CC_BY_NC_4_0;;Berry; Frederick;;;2021-12-10T22:46:20.277Z;;GEODETIC_DATUM_ASSUMED_WGS84;;;;;
583460202;f58922e2-93ed-4703-ba22-12a0674d1b54;http://coldb.mnhn.fr/catalognumber/mnhn/ic/0000-1019;Animalia;Chordata;Elasmobranchii;Carcharhiniformes;Sphyrnidae;Sphyrna;Sphyrna tudes;;SPECIES;Sphyrna tudes (Valenciennes; 1822);Sphyrna tudes (valenciennes; 1822);(valenciennes; 1822);GF;cayenne;guyane française;4.917;-52.133;2cd829bb-b713-433d-99cf-64bef11e5b3e;;;;1;;;;;;;;;2418813;2418813;PRESERVED_SPECIMEN;MNHN;IC;0000-1019;;mc eachran et séret;;CC_BY_4_0;;leblond;SYNTYPE;;2022-01-12T12:39:49.789Z;StillImage;GEODETIC_DATUM_ASSUMED_WGS84;;;;
583460197;f58922e2-93ed-4703-ba22-12a0674d1b54;http://coldb.mnhn.fr/catalognumber/mnhn/ic/1900-0116;Animalia;Chordata;Elasmobranchii;Carcharhiniformes;Sphyrnidae;Sphyrna;Sphyrna tudes;;SPECIES;Sphyrna tudes (Valenciennes; 1822);Sphyrna tudes (valenciennes; 1822);(valenciennes; 1822);MX;;baie de californie;20;-110;2cd829bb-b713-433d-99cf-64bef11e5b3e;;;;;;;;;;;;;2418813;2418813;PRESERVED_SPECIMEN;MNHN;IC;1900-0116;;;;CC_BY_4_0;;inconnu;;;2022-01-12T12:39:53.616Z;;GEODETIC_DATUM_ASSUMED_WGS84;;;;
472914667;5d6c10bd-ea31-4363-8b79-58c96d859f5b;urn:catalog:CAS:ICH:65120;Animalia;Chordata;Elasmobranchii;Carcharhiniformes;Sphyrnidae;Sphyrna;Sphyrna tudes;;SPECIES;Sphyrna tudes (Valenciennes; 1822);Sphyrna tudes;;MX;Cornudo Baya.;Nayarit;PRESENT;1;21.434884;-106.428152;;8156;;;;;;1919-12-26T00:00:00;26;12;1919;2418813;2418813;PRESERVED_SPECIMEN;CAS;ICH;65120;;Meyer; R. L.;;CC0_1_0;;;;;2022-01-11T23:36:43.711Z;;GEODETIC_DATUM_ASSUMED_WGS84;;;;;
219088351;197908d0-5565-11d8-b290-b8a03c50a862;FishBase:Occurrence:AMNH 15691;Animalia;Chordata;Elasmobranchii;Carcharhiniformes;Sphyrnidae;Sphyrna;Sphyrna tudes;;SPECIES;Sphyrna tudes (Valenciennes; 1822);Sphyrna tudes;(Valenciennes; 1822);MX;ARENA BANK;;PRESENT;;;;;;;;;;;1936-04-30T00:00:00;30;4;1936;2418813;2418813;PRESERVED_SPECIMEN;FishBase;Occurrence;AMNH 15691;;C.W. BEEBE;;CC_BY_NC_4_0;;T.CROCKER E. PAC. EXP.; NYZS; C.W. BEEBE;;;2021-12-01T23:39:14.138Z;;OCCURRENCE_STATUS_INFERRED_FROM_INDIVIDUAL_COUNT;;;
219088350;197908d0-5565-11d8-b290-b8a03c50a862;FishBase:Occurrence:AMNH 89193;Animalia;Chordata;Elasmobranchii;Carcharhiniformes;Sphyrnidae;Sphyrna;Sphyrna tudes;;SPECIES;Sphyrna tudes (Valenciennes; 1822);Sphyrna tudes;(Valenciennes; 1822);TT;PORT OF SPAIN FISH MARKET;;PRESENT;;;;;;;;;;;1987-08-14T00:00:00;14;8;1987;2418813;2418813;PRESERVED_SPECIMEN;FishBase;Occurrence;AMNH 89193;;G.J.P. NAYLOR;;CC_BY_NC_4_0;;LOCAL FISHERMEN/G.J.P. NAYLOR;;;2021-12-01T23:39:14.750Z;;OCCURRENCE_STATUS_INFERRED_FROM_INDIVIDUAL_COUNT;;;;;
43588556;84dbaec2-f762-11e1-a439-00145eb45e9a;urn:catalog:ZMUC:Fisk:5825;Animalia;Chordata;Elasmobranchii;Carcharhiniformes;Sphyrnidae;Sphyrna;Sphyrna tudes;;SPECIES;Sphyrna tudes (Valenciennes; 1822);Sphyrna tudes;(Valenciennes; 1822);BR;Brazil; Rio de Janeiro;;;;;;;;;;;;;1843-01-16T00:00:00;16;1;1843;2418813;2418813;PRESERVED_SPECIMEN;ZMUC;Fisk;5825;;;;CC_BY_4_0;;;;;2021-12-02T04:02:40.056Z;;OCCURRENCE_STATUS_INFERRED_FROM_INDIVIDUAL_COUNT;;;;
